USE [master]
GO
/****** Object:  Database [RedGreen]    Script Date: 10/5/2017 1:05:22 PM ******/
CREATE DATABASE [RedGreen]
 CONTAINMENT = NONE
 ON  PRIMARY 
( NAME = N'RedGreen', FILENAME = N'C:\Program Files\Microsoft SQL Server\MSSQL12.SQL2014\MSSQL\DATA\RedGreen.mdf' , SIZE = 6144KB , MAXSIZE = UNLIMITED, FILEGROWTH = 1024KB )
 LOG ON 
( NAME = N'RedGreen_log', FILENAME = N'C:\Program Files\Microsoft SQL Server\MSSQL12.SQL2014\MSSQL\DATA\RedGreen_log.ldf' , SIZE = 1536KB , MAXSIZE = 2048GB , FILEGROWTH = 10%)
GO
ALTER DATABASE [RedGreen] SET COMPATIBILITY_LEVEL = 110
GO
IF (1 = FULLTEXTSERVICEPROPERTY('IsFullTextInstalled'))
begin
EXEC [RedGreen].[dbo].[sp_fulltext_database] @action = 'enable'
end
GO
ALTER DATABASE [RedGreen] SET ANSI_NULL_DEFAULT OFF 
GO
ALTER DATABASE [RedGreen] SET ANSI_NULLS OFF 
GO
ALTER DATABASE [RedGreen] SET ANSI_PADDING OFF 
GO
ALTER DATABASE [RedGreen] SET ANSI_WARNINGS OFF 
GO
ALTER DATABASE [RedGreen] SET ARITHABORT OFF 
GO
ALTER DATABASE [RedGreen] SET AUTO_CLOSE OFF 
GO
ALTER DATABASE [RedGreen] SET AUTO_SHRINK OFF 
GO
ALTER DATABASE [RedGreen] SET AUTO_UPDATE_STATISTICS ON 
GO
ALTER DATABASE [RedGreen] SET CURSOR_CLOSE_ON_COMMIT OFF 
GO
ALTER DATABASE [RedGreen] SET CURSOR_DEFAULT  GLOBAL 
GO
ALTER DATABASE [RedGreen] SET CONCAT_NULL_YIELDS_NULL OFF 
GO
ALTER DATABASE [RedGreen] SET NUMERIC_ROUNDABORT OFF 
GO
ALTER DATABASE [RedGreen] SET QUOTED_IDENTIFIER OFF 
GO
ALTER DATABASE [RedGreen] SET RECURSIVE_TRIGGERS OFF 
GO
ALTER DATABASE [RedGreen] SET  DISABLE_BROKER 
GO
ALTER DATABASE [RedGreen] SET AUTO_UPDATE_STATISTICS_ASYNC OFF 
GO
ALTER DATABASE [RedGreen] SET DATE_CORRELATION_OPTIMIZATION OFF 
GO
ALTER DATABASE [RedGreen] SET TRUSTWORTHY OFF 
GO
ALTER DATABASE [RedGreen] SET ALLOW_SNAPSHOT_ISOLATION OFF 
GO
ALTER DATABASE [RedGreen] SET PARAMETERIZATION SIMPLE 
GO
ALTER DATABASE [RedGreen] SET READ_COMMITTED_SNAPSHOT OFF 
GO
ALTER DATABASE [RedGreen] SET HONOR_BROKER_PRIORITY OFF 
GO
ALTER DATABASE [RedGreen] SET RECOVERY SIMPLE 
GO
ALTER DATABASE [RedGreen] SET  MULTI_USER 
GO
ALTER DATABASE [RedGreen] SET PAGE_VERIFY CHECKSUM  
GO
ALTER DATABASE [RedGreen] SET DB_CHAINING OFF 
GO
ALTER DATABASE [RedGreen] SET FILESTREAM( NON_TRANSACTED_ACCESS = OFF ) 
GO
ALTER DATABASE [RedGreen] SET TARGET_RECOVERY_TIME = 0 SECONDS 
GO
ALTER DATABASE [RedGreen] SET DELAYED_DURABILITY = DISABLED 
GO
EXEC sys.sp_db_vardecimal_storage_format N'RedGreen', N'ON'
GO
USE [RedGreen]
GO
/****** Object:  Table [dbo].[Application]    Script Date: 10/5/2017 1:05:23 PM ******/
SET ANSI_NULLS ON
GO
SET QUOTED_IDENTIFIER ON
GO
CREATE TABLE [dbo].[Application](
	[Id] [bigint] IDENTITY(1,1) NOT NULL,
	[AppName] [nvarchar](50) NOT NULL,
	[LogoUrl] [nvarchar](50) NULL,
	[Slogon] [nvarchar](max) NULL,
	[ValidateDate] [date] NOT NULL,
	[Status] [bit] NOT NULL CONSTRAINT [DF_Application_Status]  DEFAULT ((1)),
 CONSTRAINT [PK_Application] PRIMARY KEY CLUSTERED 
(
	[Id] ASC
)WITH (PAD_INDEX = OFF, STATISTICS_NORECOMPUTE = OFF, IGNORE_DUP_KEY = OFF, ALLOW_ROW_LOCKS = ON, ALLOW_PAGE_LOCKS = ON) ON [PRIMARY]
) ON [PRIMARY] TEXTIMAGE_ON [PRIMARY]

GO
/****** Object:  Table [dbo].[Category]    Script Date: 10/5/2017 1:05:23 PM ******/
SET ANSI_NULLS ON
GO
SET QUOTED_IDENTIFIER ON
GO
CREATE TABLE [dbo].[Category](
	[Id] [bigint] IDENTITY(1,1) NOT NULL,
	[CreatedBy] [bigint] NOT NULL,
	[ModifiedBy] [bigint] NOT NULL,
	[CreatedDate] [datetime] NOT NULL,
	[ModifiedDate] [datetime] NOT NULL,
	[Status] [int] NOT NULL,
	[BussinessId] [bigint] NOT NULL,
	[Name] [nvarchar](200) NOT NULL,
	[Description] [nvarchar](200) NULL,
	[IsParent] [bit] NOT NULL,
	[ParentId] [bigint] NULL,
	[BrandName] [nvarchar](200) NULL,
 CONSTRAINT [PK_Brand] PRIMARY KEY CLUSTERED 
(
	[Id] ASC
)WITH (PAD_INDEX = OFF, STATISTICS_NORECOMPUTE = OFF, IGNORE_DUP_KEY = OFF, ALLOW_ROW_LOCKS = ON, ALLOW_PAGE_LOCKS = ON) ON [PRIMARY]
) ON [PRIMARY]

GO
/****** Object:  Table [dbo].[Currency]    Script Date: 10/5/2017 1:05:23 PM ******/
SET ANSI_NULLS ON
GO
SET QUOTED_IDENTIFIER ON
GO
CREATE TABLE [dbo].[Currency](
	[ID] [int] IDENTITY(1,1) NOT NULL,
	[CreatedBy] [bigint] NOT NULL,
	[CreatedDate] [date] NOT NULL,
	[ModifiedBy] [bigint] NOT NULL,
	[ModifiedDate] [date] NOT NULL,
	[Status] [int] NOT NULL,
	[CurrencyName] [nvarchar](50) NOT NULL,
	[ShortName] [nvarchar](50) NOT NULL,
	[Symbol] [nvarchar](15) NOT NULL,
	[Country] [nvarchar](50) NOT NULL,
	[ConversionRate] [decimal](18, 2) NOT NULL,
 CONSTRAINT [PK_Currency] PRIMARY KEY CLUSTERED 
(
	[ID] ASC
)WITH (PAD_INDEX = OFF, STATISTICS_NORECOMPUTE = OFF, IGNORE_DUP_KEY = OFF, ALLOW_ROW_LOCKS = ON, ALLOW_PAGE_LOCKS = ON) ON [PRIMARY]
) ON [PRIMARY]

GO
/****** Object:  Table [dbo].[Employee]    Script Date: 10/5/2017 1:05:23 PM ******/
SET ANSI_NULLS ON
GO
SET QUOTED_IDENTIFIER ON
GO
CREATE TABLE [dbo].[Employee](
	[Id] [bigint] IDENTITY(1,1) NOT NULL,
	[BussinessId] [bigint] NOT NULL,
	[EmployeeName] [nvarchar](100) NULL,
	[EmployeeCode] [nvarchar](100) NULL,
	[Designation] [nvarchar](100) NULL,
	[Department] [nvarchar](100) NULL,
	[Location] [nvarchar](100) NULL,
	[JoiningDate] [datetime] NULL,
	[DateOfBirth] [datetime] NULL,
	[BasicSalary] [decimal](18, 0) NULL,
	[HouseRent] [decimal](18, 0) NULL,
	[MobileInternet] [decimal](18, 0) NULL,
	[Transport] [decimal](18, 0) NULL,
	[Wellbeing] [decimal](18, 0) NULL,
	[Others] [decimal](18, 0) NULL,
	[Advance] [decimal](18, 0) NULL,
	[LeaveDeduction] [decimal](18, 0) NULL,
	[LateDeduction] [decimal](18, 0) NULL,
	[MiscellaneousDeduction] [decimal](18, 0) NULL,
	[Tax] [decimal](18, 0) NULL,
	[ProvidentFund] [decimal](18, 0) NULL,
	[CreatedBy] [bigint] NOT NULL,
	[ModifiedBy] [bigint] NOT NULL,
	[CreatedDate] [datetime] NOT NULL,
	[ModifiedDate] [datetime] NOT NULL,
	[Status] [int] NOT NULL,
 CONSTRAINT [PK_Employee] PRIMARY KEY CLUSTERED 
(
	[Id] ASC
)WITH (PAD_INDEX = OFF, STATISTICS_NORECOMPUTE = OFF, IGNORE_DUP_KEY = OFF, ALLOW_ROW_LOCKS = ON, ALLOW_PAGE_LOCKS = ON) ON [PRIMARY]
) ON [PRIMARY]

GO
/****** Object:  Table [dbo].[GroupHeader]    Script Date: 10/5/2017 1:05:23 PM ******/
SET ANSI_NULLS ON
GO
SET QUOTED_IDENTIFIER ON
GO
CREATE TABLE [dbo].[GroupHeader](
	[Id] [bigint] IDENTITY(1,1) NOT NULL,
	[CreatedBy] [bigint] NOT NULL,
	[ModifiedBy] [bigint] NOT NULL,
	[CreatedDate] [datetime] NOT NULL,
	[ModifiedDate] [datetime] NOT NULL,
	[Status] [int] NOT NULL,
	[BussinessId] [bigint] NOT NULL,
	[Name] [nvarchar](100) NOT NULL,
	[Description] [nvarchar](max) NULL,
	[PropertyId] [bigint] NULL,
	[AccountsType] [bigint] NULL,
	[IsParent] [bit] NOT NULL,
 CONSTRAINT [PK_GroupHeader] PRIMARY KEY CLUSTERED 
(
	[Id] ASC
)WITH (PAD_INDEX = OFF, STATISTICS_NORECOMPUTE = OFF, IGNORE_DUP_KEY = OFF, ALLOW_ROW_LOCKS = ON, ALLOW_PAGE_LOCKS = ON) ON [PRIMARY]
) ON [PRIMARY] TEXTIMAGE_ON [PRIMARY]

GO
/****** Object:  Table [dbo].[InvoiceDetails]    Script Date: 10/5/2017 1:05:23 PM ******/
SET ANSI_NULLS ON
GO
SET QUOTED_IDENTIFIER ON
GO
CREATE TABLE [dbo].[InvoiceDetails](
	[Id] [bigint] IDENTITY(1,1) NOT NULL,
	[CreatedBy] [bigint] NOT NULL,
	[ModifiedBy] [bigint] NOT NULL,
	[CreatedDate] [datetime] NOT NULL,
	[ModifiedDate] [datetime] NOT NULL,
	[Status] [int] NOT NULL,
	[BussinessId] [bigint] NOT NULL,
	[InvoiceId] [bigint] NOT NULL,
	[ProductId] [bigint] NOT NULL,
	[SellingPrice] [decimal](18, 2) NOT NULL,
	[Quantity] [decimal](18, 2) NOT NULL,
	[TotalPrice] [decimal](18, 2) NOT NULL,
	[PropertyId] [bigint] NOT NULL,
	[BuyingPrice] [decimal](18, 2) NOT NULL,
	[ProductSerial] [nvarchar](50) NOT NULL CONSTRAINT [DF_InvoiceDetails_ProductSerial]  DEFAULT ((0)),
	[Warranty] [int] NOT NULL,
	[StockIn] [bigint] NOT NULL CONSTRAINT [DF_InvoiceDetails_SalesFlag]  DEFAULT ((0)),
	[ConversionRate] [decimal](18, 2) NOT NULL,
	[Currency] [bigint] NOT NULL,
 CONSTRAINT [PK_BillDetails] PRIMARY KEY CLUSTERED 
(
	[Id] ASC
)WITH (PAD_INDEX = OFF, STATISTICS_NORECOMPUTE = OFF, IGNORE_DUP_KEY = OFF, ALLOW_ROW_LOCKS = ON, ALLOW_PAGE_LOCKS = ON) ON [PRIMARY]
) ON [PRIMARY]

GO
/****** Object:  Table [dbo].[InvoiceInfo]    Script Date: 10/5/2017 1:05:23 PM ******/
SET ANSI_NULLS ON
GO
SET QUOTED_IDENTIFIER ON
GO
CREATE TABLE [dbo].[InvoiceInfo](
	[Id] [bigint] IDENTITY(1,1) NOT NULL,
	[CreatedBy] [bigint] NOT NULL,
	[ModifiedBy] [bigint] NOT NULL,
	[CreatedDate] [datetime] NOT NULL,
	[ModifiedDate] [datetime] NOT NULL,
	[Status] [int] NOT NULL,
	[BussinessId] [bigint] NOT NULL,
	[InvoiceNo] [nvarchar](100) NOT NULL,
	[PartyId] [bigint] NOT NULL,
	[SubTotal] [decimal](18, 0) NOT NULL,
	[ServiceCharge] [decimal](18, 0) NULL,
	[Discount] [decimal](18, 2) NULL,
	[Vat] [decimal](18, 2) NULL,
	[GrandTotal] [decimal](18, 0) NOT NULL,
	[InvoiceReferenceId] [bigint] NULL,
	[PropertyId] [bigint] NOT NULL,
	[Remarks] [nvarchar](max) NULL,
	[InvoiceDate] [datetime] NULL,
	[DebitId] [bigint] NOT NULL,
	[CreditId] [bigint] NOT NULL,
	[PartyName] [nvarchar](500) NULL,
	[PartyAddress] [nvarchar](2000) NULL,
	[ProcessBy] [bigint] NOT NULL,
	[ApprovedBy] [bigint] NOT NULL,
	[ReferenceNo] [nvarchar](100) NULL,
	[ConversionRate] [decimal](18, 2) NOT NULL,
	[Currency] [bigint] NOT NULL,
 CONSTRAINT [PK_BillingTable] PRIMARY KEY CLUSTERED 
(
	[Id] ASC
)WITH (PAD_INDEX = OFF, STATISTICS_NORECOMPUTE = OFF, IGNORE_DUP_KEY = OFF, ALLOW_ROW_LOCKS = ON, ALLOW_PAGE_LOCKS = ON) ON [PRIMARY]
) ON [PRIMARY] TEXTIMAGE_ON [PRIMARY]

GO
/****** Object:  Table [dbo].[Ledger]    Script Date: 10/5/2017 1:05:23 PM ******/
SET ANSI_NULLS ON
GO
SET QUOTED_IDENTIFIER ON
GO
CREATE TABLE [dbo].[Ledger](
	[Id] [bigint] IDENTITY(1,1) NOT NULL,
	[CreatedBy] [bigint] NOT NULL,
	[ModifiedBy] [bigint] NOT NULL,
	[CreatedDate] [datetime] NOT NULL,
	[ModifiedDate] [datetime] NOT NULL,
	[Status] [int] NOT NULL,
	[BussinessId] [bigint] NOT NULL,
	[Name] [nvarchar](max) NOT NULL,
	[LedgerGroupId] [bigint] NOT NULL,
	[Description] [nvarchar](max) NULL,
	[PropertyId] [bigint] NOT NULL,
	[Code] [nvarchar](max) NULL,
	[ContactPerson] [nvarchar](max) NULL,
	[Address1] [nvarchar](max) NULL,
	[Address2] [nvarchar](max) NULL,
	[Mobile1] [nvarchar](max) NULL,
	[Mobile2] [nvarchar](max) NULL,
	[Email] [nvarchar](max) NULL,
	[Visible] [bigint] NULL,
 CONSTRAINT [PK_Ledger] PRIMARY KEY CLUSTERED 
(
	[Id] ASC
)WITH (PAD_INDEX = OFF, STATISTICS_NORECOMPUTE = OFF, IGNORE_DUP_KEY = OFF, ALLOW_ROW_LOCKS = ON, ALLOW_PAGE_LOCKS = ON) ON [PRIMARY]
) ON [PRIMARY] TEXTIMAGE_ON [PRIMARY]

GO
/****** Object:  Table [dbo].[LedgerGroup]    Script Date: 10/5/2017 1:05:23 PM ******/
SET ANSI_NULLS ON
GO
SET QUOTED_IDENTIFIER ON
GO
CREATE TABLE [dbo].[LedgerGroup](
	[Id] [bigint] IDENTITY(1,1) NOT NULL,
	[CreatedBy] [bigint] NOT NULL,
	[ModifiedBy] [bigint] NOT NULL,
	[CreatedDate] [datetime] NOT NULL,
	[ModifiedDate] [datetime] NOT NULL,
	[Status] [int] NOT NULL,
	[BussinessId] [bigint] NOT NULL,
	[Name] [nvarchar](100) NOT NULL,
	[Description] [nvarchar](max) NULL,
	[PropertyId] [bigint] NULL,
	[GroupHeaderId] [bigint] NOT NULL,
	[IsParent] [bit] NOT NULL CONSTRAINT [DF_TransactionHeader_IsParent]  DEFAULT ((0)),
 CONSTRAINT [PK_LedgerGroup] PRIMARY KEY CLUSTERED 
(
	[Id] ASC
)WITH (PAD_INDEX = OFF, STATISTICS_NORECOMPUTE = OFF, IGNORE_DUP_KEY = OFF, ALLOW_ROW_LOCKS = ON, ALLOW_PAGE_LOCKS = ON) ON [PRIMARY]
) ON [PRIMARY] TEXTIMAGE_ON [PRIMARY]

GO
/****** Object:  Table [dbo].[Payment]    Script Date: 10/5/2017 1:05:23 PM ******/
SET ANSI_NULLS ON
GO
SET QUOTED_IDENTIFIER ON
GO
CREATE TABLE [dbo].[Payment](
	[Id] [bigint] IDENTITY(1,1) NOT NULL,
	[CreatedBy] [bigint] NOT NULL,
	[ModifiedBy] [bigint] NOT NULL,
	[PartyId] [bigint] NOT NULL,
	[CreatedDate] [datetime] NOT NULL,
	[ModifiedDate] [datetime] NOT NULL,
	[Status] [int] NOT NULL,
	[BussinessId] [nvarchar](50) NOT NULL,
	[Date] [datetime] NOT NULL,
	[Amount] [decimal](18, 2) NOT NULL,
	[PaymentType] [bigint] NOT NULL,
	[Remarks] [nvarchar](200) NULL,
	[DebitId] [bigint] NOT NULL,
	[CreditId] [bigint] NOT NULL,
	[BankName] [nvarchar](100) NULL,
	[AccountNo] [nvarchar](100) NULL,
	[ReferenceNo] [nvarchar](100) NULL,
	[CheckNo] [nvarchar](100) NULL,
	[CheckDate] [date] NULL,
	[PaymentStatus] [bigint] NOT NULL,
	[ConversionRate] [decimal](18, 2) NOT NULL,
	[Currency] [bigint] NOT NULL,
 CONSTRAINT [PK_Payment_1] PRIMARY KEY CLUSTERED 
(
	[Id] ASC
)WITH (PAD_INDEX = OFF, STATISTICS_NORECOMPUTE = OFF, IGNORE_DUP_KEY = OFF, ALLOW_ROW_LOCKS = ON, ALLOW_PAGE_LOCKS = ON) ON [PRIMARY]
) ON [PRIMARY]

GO
/****** Object:  Table [dbo].[Permission]    Script Date: 10/5/2017 1:05:23 PM ******/
SET ANSI_NULLS ON
GO
SET QUOTED_IDENTIFIER ON
GO
CREATE TABLE [dbo].[Permission](
	[Id] [bigint] IDENTITY(1,1) NOT NULL,
	[Title] [nvarchar](50) NULL,
	[PermissionCode] [nchar](10) NULL,
	[ControllerName] [nvarchar](20) NULL,
	[ActionName] [nvarchar](max) NULL,
	[Status] [bit] NULL,
	[ApplicationId] [bigint] NULL,
 CONSTRAINT [PK_Permission] PRIMARY KEY CLUSTERED 
(
	[Id] ASC
)WITH (PAD_INDEX = OFF, STATISTICS_NORECOMPUTE = OFF, IGNORE_DUP_KEY = OFF, ALLOW_ROW_LOCKS = ON, ALLOW_PAGE_LOCKS = ON) ON [PRIMARY]
) ON [PRIMARY] TEXTIMAGE_ON [PRIMARY]

GO
/****** Object:  Table [dbo].[Product]    Script Date: 10/5/2017 1:05:23 PM ******/
SET ANSI_NULLS ON
GO
SET QUOTED_IDENTIFIER ON
GO
CREATE TABLE [dbo].[Product](
	[Id] [bigint] IDENTITY(1,1) NOT NULL,
	[CreatedBy] [bigint] NOT NULL,
	[ModifiedBy] [bigint] NOT NULL,
	[CreatedDate] [datetime] NOT NULL,
	[ModifiedDate] [datetime] NOT NULL,
	[Status] [int] NOT NULL,
	[BussinessId] [bigint] NOT NULL,
	[CategoryId] [bigint] NOT NULL,
	[ProductName] [nvarchar](100) NOT NULL,
	[BuyingPrice] [decimal](18, 2) NOT NULL,
	[Commission] [decimal](18, 2) NULL,
	[SellingPrice] [decimal](18, 2) NOT NULL,
	[ProductCode] [nvarchar](50) NULL,
 CONSTRAINT [PK_Model] PRIMARY KEY CLUSTERED 
(
	[Id] ASC
)WITH (PAD_INDEX = OFF, STATISTICS_NORECOMPUTE = OFF, IGNORE_DUP_KEY = OFF, ALLOW_ROW_LOCKS = ON, ALLOW_PAGE_LOCKS = ON) ON [PRIMARY]
) ON [PRIMARY]

GO
/****** Object:  Table [dbo].[Salary]    Script Date: 10/5/2017 1:05:23 PM ******/
SET ANSI_NULLS ON
GO
SET QUOTED_IDENTIFIER ON
GO
CREATE TABLE [dbo].[Salary](
	[Id] [bigint] IDENTITY(1,1) NOT NULL,
	[CreatedBy] [bigint] NOT NULL,
	[ModifiedBy] [bigint] NOT NULL,
	[CreatedDate] [datetime] NOT NULL,
	[ModifiedDate] [datetime] NOT NULL,
	[Status] [int] NOT NULL,
	[BussinessId] [bigint] NOT NULL,
	[EmployeeId] [bigint] NOT NULL,
	[SalryType] [bigint] NULL,
	[Month] [datetime] NULL,
	[TotalSalary] [decimal](18, 0) NULL,
	[BasicSalary] [decimal](18, 0) NULL,
	[HouseRent] [decimal](18, 0) NULL,
	[MobileAllowance] [decimal](18, 0) NULL,
	[TransportCost] [decimal](18, 0) NULL,
	[FestivalBonus] [decimal](18, 0) NULL,
	[TotalBill] [decimal](18, 0) NULL,
	[MedicalAllowance] [decimal](18, 0) NULL,
	[OtherAllowance] [decimal](18, 0) NULL,
	[OtherDeduction] [decimal](18, 0) NULL,
	[DebitId] [bigint] NOT NULL,
	[CreditId] [bigint] NOT NULL,
 CONSTRAINT [PK_Salary] PRIMARY KEY CLUSTERED 
(
	[Id] ASC
)WITH (PAD_INDEX = OFF, STATISTICS_NORECOMPUTE = OFF, IGNORE_DUP_KEY = OFF, ALLOW_ROW_LOCKS = ON, ALLOW_PAGE_LOCKS = ON) ON [PRIMARY]
) ON [PRIMARY]

GO
/****** Object:  Table [dbo].[TableProperty]    Script Date: 10/5/2017 1:05:23 PM ******/
SET ANSI_NULLS ON
GO
SET QUOTED_IDENTIFIER ON
GO
CREATE TABLE [dbo].[TableProperty](
	[Id] [bigint] IDENTITY(1,1) NOT NULL,
	[TableName] [nvarchar](50) NULL,
	[PropertyName] [nvarchar](50) NULL,
	[PropertyValue] [int] NULL,
	[ViewName] [nvarchar](100) NULL,
 CONSTRAINT [PK_TableProperty] PRIMARY KEY CLUSTERED 
(
	[Id] ASC
)WITH (PAD_INDEX = OFF, STATISTICS_NORECOMPUTE = OFF, IGNORE_DUP_KEY = OFF, ALLOW_ROW_LOCKS = ON, ALLOW_PAGE_LOCKS = ON) ON [PRIMARY]
) ON [PRIMARY]

GO
/****** Object:  Table [dbo].[Template]    Script Date: 10/5/2017 1:05:23 PM ******/
SET ANSI_NULLS ON
GO
SET QUOTED_IDENTIFIER ON
GO
CREATE TABLE [dbo].[Template](
	[Id] [bigint] IDENTITY(1,1) NOT NULL,
	[TemplateName] [nvarchar](50) NULL,
	[PermissionIds] [nvarchar](max) NULL,
	[Status] [int] NOT NULL CONSTRAINT [DF_Role_Status]  DEFAULT ((1)),
	[CreatedBy] [bigint] NULL,
	[CreatedDate] [date] NULL,
	[ModifiedBy] [bigint] NULL,
	[ModifiedDate] [date] NULL,
	[ApplicationId] [bigint] NULL,
 CONSTRAINT [PK_Role] PRIMARY KEY CLUSTERED 
(
	[Id] ASC
)WITH (PAD_INDEX = OFF, STATISTICS_NORECOMPUTE = OFF, IGNORE_DUP_KEY = OFF, ALLOW_ROW_LOCKS = ON, ALLOW_PAGE_LOCKS = ON) ON [PRIMARY]
) ON [PRIMARY] TEXTIMAGE_ON [PRIMARY]

GO
/****** Object:  Table [dbo].[Transaction]    Script Date: 10/5/2017 1:05:23 PM ******/
SET ANSI_NULLS ON
GO
SET QUOTED_IDENTIFIER ON
GO
CREATE TABLE [dbo].[Transaction](
	[Id] [bigint] IDENTITY(1,1) NOT NULL,
	[CreatedBy] [bigint] NOT NULL,
	[ModifiedBy] [bigint] NOT NULL,
	[PartyId] [bigint] NOT NULL,
	[CreatedDate] [datetime] NOT NULL,
	[ModifiedDate] [datetime] NOT NULL,
	[Status] [int] NOT NULL,
	[BussinessId] [nvarchar](50) NOT NULL,
	[DebitHeaderId] [bigint] NOT NULL,
	[CreditHeaderId] [bigint] NOT NULL,
	[Amount] [decimal](18, 2) NULL,
	[TransactionDate] [datetime] NOT NULL,
	[TransactionType] [bigint] NOT NULL,
	[CheckNo] [nvarchar](50) NULL,
	[EmployeeId] [bigint] NULL,
	[Remarks] [nvarchar](max) NULL,
	[BankId] [bigint] NULL,
	[CashType] [int] NULL,
	[ConversionRate] [decimal](18, 2) NOT NULL,
	[Currency] [bigint] NOT NULL,
 CONSTRAINT [PK_Transaction] PRIMARY KEY CLUSTERED 
(
	[Id] ASC
)WITH (PAD_INDEX = OFF, STATISTICS_NORECOMPUTE = OFF, IGNORE_DUP_KEY = OFF, ALLOW_ROW_LOCKS = ON, ALLOW_PAGE_LOCKS = ON) ON [PRIMARY]
) ON [PRIMARY] TEXTIMAGE_ON [PRIMARY]

GO
/****** Object:  Table [dbo].[Unit]    Script Date: 10/5/2017 1:05:23 PM ******/
SET ANSI_NULLS ON
GO
SET QUOTED_IDENTIFIER ON
GO
CREATE TABLE [dbo].[Unit](
	[Id] [bigint] IDENTITY(1,1) NOT NULL,
	[CreatedBy] [bigint] NOT NULL,
	[ModifiedBy] [bigint] NOT NULL,
	[CreatedDate] [datetime] NOT NULL,
	[ModifiedDate] [datetime] NOT NULL,
	[Status] [int] NOT NULL,
	[BussinessId] [bigint] NOT NULL,
	[Name] [nvarchar](20) NOT NULL,
	[Description] [nvarchar](100) NOT NULL,
	[Symbol] [nvarchar](10) NOT NULL,
 CONSTRAINT [PK_Unit] PRIMARY KEY CLUSTERED 
(
	[Id] ASC
)WITH (PAD_INDEX = OFF, STATISTICS_NORECOMPUTE = OFF, IGNORE_DUP_KEY = OFF, ALLOW_ROW_LOCKS = ON, ALLOW_PAGE_LOCKS = ON) ON [PRIMARY]
) ON [PRIMARY]

GO
/****** Object:  Table [dbo].[User]    Script Date: 10/5/2017 1:05:23 PM ******/
SET ANSI_NULLS ON
GO
SET QUOTED_IDENTIFIER ON
GO
CREATE TABLE [dbo].[User](
	[Id] [bigint] IDENTITY(1,1) NOT NULL,
	[UserName] [nvarchar](50) NOT NULL,
	[Password] [nvarchar](50) NOT NULL,
	[IsActive] [bit] NOT NULL CONSTRAINT [DF_User_IsActive]  DEFAULT ((1)),
	[Islogin] [bit] NOT NULL CONSTRAINT [DF_User_Islogin]  DEFAULT ((0)),
	[LastLogin] [datetime] NULL,
	[Status] [int] NOT NULL CONSTRAINT [DF_User_Status]  DEFAULT ((1)),
	[PhotoUrl] [nvarchar](50) NULL,
	[CreatedBy] [bigint] NOT NULL,
	[CreatedDate] [date] NOT NULL,
	[ModifiedBy] [bigint] NULL,
	[ModifiedDate] [date] NULL,
	[TemplateId] [bigint] NOT NULL,
	[GroupId] [bigint] NOT NULL,
	[ApplicationId] [bigint] NOT NULL,
	[UserMessage] [nvarchar](max) NULL,
	[Name] [nvarchar](200) NULL,
	[IsCreator] [bit] NULL,
 CONSTRAINT [PK_User] PRIMARY KEY CLUSTERED 
(
	[Id] ASC
)WITH (PAD_INDEX = OFF, STATISTICS_NORECOMPUTE = OFF, IGNORE_DUP_KEY = OFF, ALLOW_ROW_LOCKS = ON, ALLOW_PAGE_LOCKS = ON) ON [PRIMARY]
) ON [PRIMARY] TEXTIMAGE_ON [PRIMARY]

GO
/****** Object:  Table [dbo].[UserLog]    Script Date: 10/5/2017 1:05:23 PM ******/
SET ANSI_NULLS ON
GO
SET QUOTED_IDENTIFIER ON
GO
CREATE TABLE [dbo].[UserLog](
	[Id] [bigint] IDENTITY(1,1) NOT NULL,
	[UserId] [bigint] NULL,
	[ProfileId] [bigint] NULL,
	[RoleId] [bigint] NULL,
	[LoginDateTime] [datetime] NULL,
	[IpAddress] [nvarchar](50) NULL,
 CONSTRAINT [PK_UserLog] PRIMARY KEY CLUSTERED 
(
	[Id] ASC
)WITH (PAD_INDEX = OFF, STATISTICS_NORECOMPUTE = OFF, IGNORE_DUP_KEY = OFF, ALLOW_ROW_LOCKS = ON, ALLOW_PAGE_LOCKS = ON) ON [PRIMARY]
) ON [PRIMARY]

GO
SET IDENTITY_INSERT [dbo].[Application] ON 

INSERT [dbo].[Application] ([Id], [AppName], [LogoUrl], [Slogon], [ValidateDate], [Status]) VALUES (1, N'DentalCorner', N'dental.jpg', N'Rifat Abdullah', CAST(N'2016-08-26' AS Date), 1)
SET IDENTITY_INSERT [dbo].[Application] OFF
SET IDENTITY_INSERT [dbo].[Category] ON 

INSERT [dbo].[Category] ([Id], [CreatedBy], [ModifiedBy], [CreatedDate], [ModifiedDate], [Status], [BussinessId], [Name], [Description], [IsParent], [ParentId], [BrandName]) VALUES (1, 0, 0, CAST(N'2017-05-18 00:00:00.000' AS DateTime), CAST(N'2017-06-03 00:00:00.000' AS DateTime), 1, 0, N'Mi Notebook Air', NULL, 0, NULL, NULL)
INSERT [dbo].[Category] ([Id], [CreatedBy], [ModifiedBy], [CreatedDate], [ModifiedDate], [Status], [BussinessId], [Name], [Description], [IsParent], [ParentId], [BrandName]) VALUES (2, 0, 0, CAST(N'2017-05-22 00:00:00.000' AS DateTime), CAST(N'2017-05-23 00:00:00.000' AS DateTime), 1, 0, N'Mi Band', NULL, 0, NULL, NULL)
INSERT [dbo].[Category] ([Id], [CreatedBy], [ModifiedBy], [CreatedDate], [ModifiedDate], [Status], [BussinessId], [Name], [Description], [IsParent], [ParentId], [BrandName]) VALUES (3, 0, 0, CAST(N'2017-05-24 00:00:00.000' AS DateTime), CAST(N'2017-06-03 00:00:00.000' AS DateTime), 1, 0, N'Air Purifier', NULL, 0, NULL, NULL)
INSERT [dbo].[Category] ([Id], [CreatedBy], [ModifiedBy], [CreatedDate], [ModifiedDate], [Status], [BussinessId], [Name], [Description], [IsParent], [ParentId], [BrandName]) VALUES (4, 0, 0, CAST(N'2017-05-24 00:00:00.000' AS DateTime), CAST(N'2017-05-24 00:00:00.000' AS DateTime), 1, 0, N'Mi Mouse', NULL, 0, NULL, NULL)
INSERT [dbo].[Category] ([Id], [CreatedBy], [ModifiedBy], [CreatedDate], [ModifiedDate], [Status], [BussinessId], [Name], [Description], [IsParent], [ParentId], [BrandName]) VALUES (5, 0, 0, CAST(N'2017-05-28 00:00:00.000' AS DateTime), CAST(N'2017-05-28 00:00:00.000' AS DateTime), 1, 0, N'Mi Basic ', NULL, 0, NULL, NULL)
INSERT [dbo].[Category] ([Id], [CreatedBy], [ModifiedBy], [CreatedDate], [ModifiedDate], [Status], [BussinessId], [Name], [Description], [IsParent], [ParentId], [BrandName]) VALUES (6, 0, 0, CAST(N'2017-06-03 00:00:00.000' AS DateTime), CAST(N'2017-06-03 00:00:00.000' AS DateTime), 1, 0, N'Mi Cattle', NULL, 0, NULL, NULL)
INSERT [dbo].[Category] ([Id], [CreatedBy], [ModifiedBy], [CreatedDate], [ModifiedDate], [Status], [BussinessId], [Name], [Description], [IsParent], [ParentId], [BrandName]) VALUES (7, 0, 0, CAST(N'2017-06-03 00:00:00.000' AS DateTime), CAST(N'2017-06-03 00:00:00.000' AS DateTime), 1, 0, N'Mi Handset', NULL, 0, NULL, NULL)
INSERT [dbo].[Category] ([Id], [CreatedBy], [ModifiedBy], [CreatedDate], [ModifiedDate], [Status], [BussinessId], [Name], [Description], [IsParent], [ParentId], [BrandName]) VALUES (8, 0, 0, CAST(N'2017-06-03 00:00:00.000' AS DateTime), CAST(N'2017-06-03 00:00:00.000' AS DateTime), 1, 0, N' Tv Box', NULL, 0, NULL, NULL)
INSERT [dbo].[Category] ([Id], [CreatedBy], [ModifiedBy], [CreatedDate], [ModifiedDate], [Status], [BussinessId], [Name], [Description], [IsParent], [ParentId], [BrandName]) VALUES (9, 0, 0, CAST(N'2017-06-03 00:00:00.000' AS DateTime), CAST(N'2017-06-03 00:00:00.000' AS DateTime), 1, 0, N'Mi Router', NULL, 0, NULL, NULL)
INSERT [dbo].[Category] ([Id], [CreatedBy], [ModifiedBy], [CreatedDate], [ModifiedDate], [Status], [BussinessId], [Name], [Description], [IsParent], [ParentId], [BrandName]) VALUES (10, 0, 0, CAST(N'2017-06-11 00:00:00.000' AS DateTime), CAST(N'2017-06-11 00:00:00.000' AS DateTime), 1, 0, N'Original Windows', NULL, 0, NULL, NULL)
SET IDENTITY_INSERT [dbo].[Category] OFF
SET IDENTITY_INSERT [dbo].[Currency] ON 

INSERT [dbo].[Currency] ([ID], [CreatedBy], [CreatedDate], [ModifiedBy], [ModifiedDate], [Status], [CurrencyName], [ShortName], [Symbol], [Country], [ConversionRate]) VALUES (1, 1, CAST(N'2017-05-08' AS Date), 0, CAST(N'2017-05-24' AS Date), 1, N'Taka', N'BDT', N'?', N'Bangladesh', CAST(1.00 AS Decimal(18, 2)))
SET IDENTITY_INSERT [dbo].[Currency] OFF
SET IDENTITY_INSERT [dbo].[Employee] ON 

INSERT [dbo].[Employee] ([Id], [BussinessId], [EmployeeName], [EmployeeCode], [Designation], [Department], [Location], [JoiningDate], [DateOfBirth], [BasicSalary], [HouseRent], [MobileInternet], [Transport], [Wellbeing], [Others], [Advance], [LeaveDeduction], [LateDeduction], [MiscellaneousDeduction], [Tax], [ProvidentFund], [CreatedBy], [ModifiedBy], [CreatedDate], [ModifiedDate], [Status]) VALUES (1, 0, N'Papri debnath', NULL, N'business Development Manager', N'Sales and Marketing', N'Head Office', CAST(N'2017-03-05 00:00:00.000' AS DateTime), NULL, CAST(9600 AS Decimal(18, 0)), CAST(0 AS Decimal(18, 0)), CAST(800 AS Decimal(18, 0)), CAST(3200 AS Decimal(18, 0)), CAST(2400 AS Decimal(18, 0)), CAST(5000 AS Decimal(18, 0)), CAST(4000 AS Decimal(18, 0)), CAST(0 AS Decimal(18, 0)), CAST(0 AS Decimal(18, 0)), CAST(0 AS Decimal(18, 0)), CAST(0 AS Decimal(18, 0)), CAST(0 AS Decimal(18, 0)), 0, 0, CAST(N'2017-06-10 00:00:00.000' AS DateTime), CAST(N'2017-06-10 00:00:00.000' AS DateTime), 0)
INSERT [dbo].[Employee] ([Id], [BussinessId], [EmployeeName], [EmployeeCode], [Designation], [Department], [Location], [JoiningDate], [DateOfBirth], [BasicSalary], [HouseRent], [MobileInternet], [Transport], [Wellbeing], [Others], [Advance], [LeaveDeduction], [LateDeduction], [MiscellaneousDeduction], [Tax], [ProvidentFund], [CreatedBy], [ModifiedBy], [CreatedDate], [ModifiedDate], [Status]) VALUES (2, 0, N'Papri Debnath', N'R100015', N'Business Development Manager', N'Sales and Marketing', N'Head office', CAST(N'2017-03-05 00:00:00.000' AS DateTime), CAST(N'2017-03-05 00:00:00.000' AS DateTime), CAST(9600 AS Decimal(18, 0)), CAST(0 AS Decimal(18, 0)), CAST(800 AS Decimal(18, 0)), CAST(3200 AS Decimal(18, 0)), CAST(2400 AS Decimal(18, 0)), CAST(5000 AS Decimal(18, 0)), CAST(4000 AS Decimal(18, 0)), CAST(0 AS Decimal(18, 0)), CAST(0 AS Decimal(18, 0)), CAST(0 AS Decimal(18, 0)), CAST(0 AS Decimal(18, 0)), CAST(0 AS Decimal(18, 0)), 0, 0, CAST(N'2017-06-10 00:00:00.000' AS DateTime), CAST(N'2017-07-16 00:00:00.000' AS DateTime), 0)
INSERT [dbo].[Employee] ([Id], [BussinessId], [EmployeeName], [EmployeeCode], [Designation], [Department], [Location], [JoiningDate], [DateOfBirth], [BasicSalary], [HouseRent], [MobileInternet], [Transport], [Wellbeing], [Others], [Advance], [LeaveDeduction], [LateDeduction], [MiscellaneousDeduction], [Tax], [ProvidentFund], [CreatedBy], [ModifiedBy], [CreatedDate], [ModifiedDate], [Status]) VALUES (3, 0, N'Md. Ashraful Islam', N'R10111', N'Operation Manager', N'Accounts, Finance & Logistics', N'Head Office', CAST(N'2017-03-02 00:00:00.000' AS DateTime), CAST(N'1993-12-28 00:00:00.000' AS DateTime), CAST(10200 AS Decimal(18, 0)), CAST(0 AS Decimal(18, 0)), CAST(850 AS Decimal(18, 0)), CAST(3400 AS Decimal(18, 0)), CAST(2550 AS Decimal(18, 0)), CAST(0 AS Decimal(18, 0)), CAST(0 AS Decimal(18, 0)), CAST(0 AS Decimal(18, 0)), CAST(0 AS Decimal(18, 0)), CAST(0 AS Decimal(18, 0)), CAST(0 AS Decimal(18, 0)), CAST(0 AS Decimal(18, 0)), 0, 0, CAST(N'2017-06-21 00:00:00.000' AS DateTime), CAST(N'2017-07-16 00:00:00.000' AS DateTime), 1)
INSERT [dbo].[Employee] ([Id], [BussinessId], [EmployeeName], [EmployeeCode], [Designation], [Department], [Location], [JoiningDate], [DateOfBirth], [BasicSalary], [HouseRent], [MobileInternet], [Transport], [Wellbeing], [Others], [Advance], [LeaveDeduction], [LateDeduction], [MiscellaneousDeduction], [Tax], [ProvidentFund], [CreatedBy], [ModifiedBy], [CreatedDate], [ModifiedDate], [Status]) VALUES (4, 0, N'Kaiser Bin Amin Sowrav', N'R10109', N'Ass. Manager', N'Sales& Marketing', N'Head Office', CAST(N'2017-01-01 00:00:00.000' AS DateTime), CAST(N'1997-06-20 00:00:00.000' AS DateTime), CAST(5400 AS Decimal(18, 0)), CAST(0 AS Decimal(18, 0)), CAST(450 AS Decimal(18, 0)), CAST(1800 AS Decimal(18, 0)), CAST(1350 AS Decimal(18, 0)), CAST(0 AS Decimal(18, 0)), CAST(0 AS Decimal(18, 0)), CAST(0 AS Decimal(18, 0)), CAST(0 AS Decimal(18, 0)), CAST(0 AS Decimal(18, 0)), CAST(0 AS Decimal(18, 0)), CAST(0 AS Decimal(18, 0)), 0, 0, CAST(N'2017-07-19 00:00:00.000' AS DateTime), CAST(N'2017-07-19 00:00:00.000' AS DateTime), 1)
INSERT [dbo].[Employee] ([Id], [BussinessId], [EmployeeName], [EmployeeCode], [Designation], [Department], [Location], [JoiningDate], [DateOfBirth], [BasicSalary], [HouseRent], [MobileInternet], [Transport], [Wellbeing], [Others], [Advance], [LeaveDeduction], [LateDeduction], [MiscellaneousDeduction], [Tax], [ProvidentFund], [CreatedBy], [ModifiedBy], [CreatedDate], [ModifiedDate], [Status]) VALUES (5, 0, N'Samia Binte Sarwar', N'R10150', N'Digital Marketing Intern', N'Technical Department', N'Head Office', CAST(N'2017-07-09 00:00:00.000' AS DateTime), CAST(N'1995-11-14 00:00:00.000' AS DateTime), CAST(8000 AS Decimal(18, 0)), CAST(0 AS Decimal(18, 0)), CAST(0 AS Decimal(18, 0)), CAST(0 AS Decimal(18, 0)), CAST(0 AS Decimal(18, 0)), CAST(0 AS Decimal(18, 0)), CAST(0 AS Decimal(18, 0)), CAST(0 AS Decimal(18, 0)), CAST(0 AS Decimal(18, 0)), CAST(0 AS Decimal(18, 0)), CAST(0 AS Decimal(18, 0)), CAST(0 AS Decimal(18, 0)), 0, 0, CAST(N'2017-07-19 00:00:00.000' AS DateTime), CAST(N'2017-07-19 00:00:00.000' AS DateTime), 1)
INSERT [dbo].[Employee] ([Id], [BussinessId], [EmployeeName], [EmployeeCode], [Designation], [Department], [Location], [JoiningDate], [DateOfBirth], [BasicSalary], [HouseRent], [MobileInternet], [Transport], [Wellbeing], [Others], [Advance], [LeaveDeduction], [LateDeduction], [MiscellaneousDeduction], [Tax], [ProvidentFund], [CreatedBy], [ModifiedBy], [CreatedDate], [ModifiedDate], [Status]) VALUES (6, 0, N'Tasnim Dewan Orin', N'R10108', N'Sales Engineer', N'Sales & Support', N'Head Office', CAST(N'2017-06-05 00:00:00.000' AS DateTime), CAST(N'1994-03-17 00:00:00.000' AS DateTime), CAST(12000 AS Decimal(18, 0)), CAST(0 AS Decimal(18, 0)), CAST(1000 AS Decimal(18, 0)), CAST(4000 AS Decimal(18, 0)), CAST(3000 AS Decimal(18, 0)), CAST(0 AS Decimal(18, 0)), CAST(0 AS Decimal(18, 0)), CAST(0 AS Decimal(18, 0)), CAST(0 AS Decimal(18, 0)), CAST(0 AS Decimal(18, 0)), CAST(0 AS Decimal(18, 0)), CAST(0 AS Decimal(18, 0)), 0, 0, CAST(N'2017-07-19 00:00:00.000' AS DateTime), CAST(N'2017-07-19 00:00:00.000' AS DateTime), 1)
INSERT [dbo].[Employee] ([Id], [BussinessId], [EmployeeName], [EmployeeCode], [Designation], [Department], [Location], [JoiningDate], [DateOfBirth], [BasicSalary], [HouseRent], [MobileInternet], [Transport], [Wellbeing], [Others], [Advance], [LeaveDeduction], [LateDeduction], [MiscellaneousDeduction], [Tax], [ProvidentFund], [CreatedBy], [ModifiedBy], [CreatedDate], [ModifiedDate], [Status]) VALUES (7, 0, N'Rakibul Islam Tomal', N'R10112', N'Communication Officer', N'Digital Marketing', N'Head Office', CAST(N'2017-06-05 00:00:00.000' AS DateTime), CAST(N'1992-10-14 00:00:00.000' AS DateTime), CAST(9000 AS Decimal(18, 0)), CAST(0 AS Decimal(18, 0)), CAST(750 AS Decimal(18, 0)), CAST(3000 AS Decimal(18, 0)), CAST(2250 AS Decimal(18, 0)), CAST(0 AS Decimal(18, 0)), CAST(0 AS Decimal(18, 0)), CAST(0 AS Decimal(18, 0)), CAST(0 AS Decimal(18, 0)), CAST(0 AS Decimal(18, 0)), CAST(0 AS Decimal(18, 0)), CAST(0 AS Decimal(18, 0)), 0, 0, CAST(N'2017-07-19 00:00:00.000' AS DateTime), CAST(N'2017-07-19 00:00:00.000' AS DateTime), 1)
INSERT [dbo].[Employee] ([Id], [BussinessId], [EmployeeName], [EmployeeCode], [Designation], [Department], [Location], [JoiningDate], [DateOfBirth], [BasicSalary], [HouseRent], [MobileInternet], [Transport], [Wellbeing], [Others], [Advance], [LeaveDeduction], [LateDeduction], [MiscellaneousDeduction], [Tax], [ProvidentFund], [CreatedBy], [ModifiedBy], [CreatedDate], [ModifiedDate], [Status]) VALUES (8, 0, N'Md. Parves Mossaraf', N'R10153', N'Executive', N'Sales & Marketing', N'eStore Gulshan', CAST(N'2017-05-02 00:00:00.000' AS DateTime), CAST(N'1996-01-01 00:00:00.000' AS DateTime), CAST(5400 AS Decimal(18, 0)), CAST(0 AS Decimal(18, 0)), CAST(450 AS Decimal(18, 0)), CAST(1800 AS Decimal(18, 0)), CAST(1350 AS Decimal(18, 0)), CAST(0 AS Decimal(18, 0)), CAST(0 AS Decimal(18, 0)), CAST(0 AS Decimal(18, 0)), CAST(0 AS Decimal(18, 0)), CAST(0 AS Decimal(18, 0)), CAST(0 AS Decimal(18, 0)), CAST(0 AS Decimal(18, 0)), 0, 0, CAST(N'2017-07-19 00:00:00.000' AS DateTime), CAST(N'2017-07-19 00:00:00.000' AS DateTime), 1)
INSERT [dbo].[Employee] ([Id], [BussinessId], [EmployeeName], [EmployeeCode], [Designation], [Department], [Location], [JoiningDate], [DateOfBirth], [BasicSalary], [HouseRent], [MobileInternet], [Transport], [Wellbeing], [Others], [Advance], [LeaveDeduction], [LateDeduction], [MiscellaneousDeduction], [Tax], [ProvidentFund], [CreatedBy], [ModifiedBy], [CreatedDate], [ModifiedDate], [Status]) VALUES (9, 0, N'Easin Mollah', N'R10113', N'Support Stuff', N'Service', N'Head Office', CAST(N'2017-03-01 00:00:00.000' AS DateTime), CAST(N'1993-03-02 00:00:00.000' AS DateTime), CAST(5400 AS Decimal(18, 0)), CAST(0 AS Decimal(18, 0)), CAST(450 AS Decimal(18, 0)), CAST(1800 AS Decimal(18, 0)), CAST(1350 AS Decimal(18, 0)), CAST(0 AS Decimal(18, 0)), CAST(0 AS Decimal(18, 0)), CAST(0 AS Decimal(18, 0)), CAST(0 AS Decimal(18, 0)), CAST(0 AS Decimal(18, 0)), CAST(0 AS Decimal(18, 0)), CAST(0 AS Decimal(18, 0)), 0, 0, CAST(N'2017-07-19 00:00:00.000' AS DateTime), CAST(N'2017-07-19 00:00:00.000' AS DateTime), 1)
INSERT [dbo].[Employee] ([Id], [BussinessId], [EmployeeName], [EmployeeCode], [Designation], [Department], [Location], [JoiningDate], [DateOfBirth], [BasicSalary], [HouseRent], [MobileInternet], [Transport], [Wellbeing], [Others], [Advance], [LeaveDeduction], [LateDeduction], [MiscellaneousDeduction], [Tax], [ProvidentFund], [CreatedBy], [ModifiedBy], [CreatedDate], [ModifiedDate], [Status]) VALUES (10, 0, N'Amitabha Dey', N'R10151', N'Digital Marketing Intern', N'Technical Department', N'Head Office', CAST(N'2017-07-09 00:00:00.000' AS DateTime), CAST(N'1994-08-11 00:00:00.000' AS DateTime), CAST(8000 AS Decimal(18, 0)), CAST(0 AS Decimal(18, 0)), CAST(0 AS Decimal(18, 0)), CAST(0 AS Decimal(18, 0)), CAST(0 AS Decimal(18, 0)), CAST(0 AS Decimal(18, 0)), CAST(0 AS Decimal(18, 0)), CAST(0 AS Decimal(18, 0)), CAST(0 AS Decimal(18, 0)), CAST(0 AS Decimal(18, 0)), CAST(0 AS Decimal(18, 0)), CAST(0 AS Decimal(18, 0)), 0, 0, CAST(N'2017-07-19 00:00:00.000' AS DateTime), CAST(N'2017-07-19 00:00:00.000' AS DateTime), 1)
SET IDENTITY_INSERT [dbo].[Employee] OFF
SET IDENTITY_INSERT [dbo].[GroupHeader] ON 

INSERT [dbo].[GroupHeader] ([Id], [CreatedBy], [ModifiedBy], [CreatedDate], [ModifiedDate], [Status], [BussinessId], [Name], [Description], [PropertyId], [AccountsType], [IsParent]) VALUES (1, 1, 1, CAST(N'2016-07-17 02:35:39.107' AS DateTime), CAST(N'2016-07-17 02:35:39.260' AS DateTime), 1, 0, N'Fixed Assets', NULL, 17, 24, 1)
INSERT [dbo].[GroupHeader] ([Id], [CreatedBy], [ModifiedBy], [CreatedDate], [ModifiedDate], [Status], [BussinessId], [Name], [Description], [PropertyId], [AccountsType], [IsParent]) VALUES (2, 1, 1, CAST(N'2016-07-17 02:36:23.837' AS DateTime), CAST(N'2016-07-17 02:36:23.837' AS DateTime), 1, 0, N'Current Assets', NULL, 17, 24, 1)
INSERT [dbo].[GroupHeader] ([Id], [CreatedBy], [ModifiedBy], [CreatedDate], [ModifiedDate], [Status], [BussinessId], [Name], [Description], [PropertyId], [AccountsType], [IsParent]) VALUES (3, 1, 1, CAST(N'2016-07-17 02:36:32.543' AS DateTime), CAST(N'2016-07-17 02:36:32.543' AS DateTime), 1, 0, N' Liabilities', NULL, 18, 25, 1)
INSERT [dbo].[GroupHeader] ([Id], [CreatedBy], [ModifiedBy], [CreatedDate], [ModifiedDate], [Status], [BussinessId], [Name], [Description], [PropertyId], [AccountsType], [IsParent]) VALUES (4, 1, 1, CAST(N'2016-07-17 02:36:40.777' AS DateTime), CAST(N'2016-07-17 02:36:40.777' AS DateTime), 1, 0, N'Equity', NULL, 18, 26, 1)
INSERT [dbo].[GroupHeader] ([Id], [CreatedBy], [ModifiedBy], [CreatedDate], [ModifiedDate], [Status], [BussinessId], [Name], [Description], [PropertyId], [AccountsType], [IsParent]) VALUES (5, 1, 1, CAST(N'2016-07-17 02:36:48.910' AS DateTime), CAST(N'2016-07-17 02:36:48.910' AS DateTime), 1, 0, N'Revenue', NULL, 18, 33, 1)
INSERT [dbo].[GroupHeader] ([Id], [CreatedBy], [ModifiedBy], [CreatedDate], [ModifiedDate], [Status], [BussinessId], [Name], [Description], [PropertyId], [AccountsType], [IsParent]) VALUES (6, 1, 1, CAST(N'2016-07-17 02:36:56.413' AS DateTime), CAST(N'2016-07-17 02:36:56.413' AS DateTime), 1, 0, N'Expense', NULL, 17, 34, 1)
SET IDENTITY_INSERT [dbo].[GroupHeader] OFF
SET IDENTITY_INSERT [dbo].[InvoiceDetails] ON 

INSERT [dbo].[InvoiceDetails] ([Id], [CreatedBy], [ModifiedBy], [CreatedDate], [ModifiedDate], [Status], [BussinessId], [InvoiceId], [ProductId], [SellingPrice], [Quantity], [TotalPrice], [PropertyId], [BuyingPrice], [ProductSerial], [Warranty], [StockIn], [ConversionRate], [Currency]) VALUES (1, 0, 0, CAST(N'2017-10-03 00:00:00.000' AS DateTime), CAST(N'2017-10-03 00:00:00.000' AS DateTime), 1, 0, 1, 3, CAST(0.00 AS Decimal(18, 2)), CAST(1.00 AS Decimal(18, 2)), CAST(1570.00 AS Decimal(18, 2)), 5, CAST(1570.00 AS Decimal(18, 2)), N'13713/00848757', 6, 37, CAST(1.00 AS Decimal(18, 2)), 1)
INSERT [dbo].[InvoiceDetails] ([Id], [CreatedBy], [ModifiedBy], [CreatedDate], [ModifiedDate], [Status], [BussinessId], [InvoiceId], [ProductId], [SellingPrice], [Quantity], [TotalPrice], [PropertyId], [BuyingPrice], [ProductSerial], [Warranty], [StockIn], [ConversionRate], [Currency]) VALUES (2, 0, 0, CAST(N'2017-10-03 00:00:00.000' AS DateTime), CAST(N'2017-10-03 00:00:00.000' AS DateTime), 1, 0, 1, 3, CAST(0.00 AS Decimal(18, 2)), CAST(1.00 AS Decimal(18, 2)), CAST(1570.00 AS Decimal(18, 2)), 5, CAST(1570.00 AS Decimal(18, 2)), N'13713/00846004', 6, 37, CAST(1.00 AS Decimal(18, 2)), 1)
INSERT [dbo].[InvoiceDetails] ([Id], [CreatedBy], [ModifiedBy], [CreatedDate], [ModifiedDate], [Status], [BussinessId], [InvoiceId], [ProductId], [SellingPrice], [Quantity], [TotalPrice], [PropertyId], [BuyingPrice], [ProductSerial], [Warranty], [StockIn], [ConversionRate], [Currency]) VALUES (3, 0, 0, CAST(N'2017-10-03 00:00:00.000' AS DateTime), CAST(N'2017-10-03 00:00:00.000' AS DateTime), 1, 0, 1, 3, CAST(0.00 AS Decimal(18, 2)), CAST(1.00 AS Decimal(18, 2)), CAST(1570.00 AS Decimal(18, 2)), 5, CAST(1570.00 AS Decimal(18, 2)), N'13713/00831791', 6, 37, CAST(1.00 AS Decimal(18, 2)), 1)
INSERT [dbo].[InvoiceDetails] ([Id], [CreatedBy], [ModifiedBy], [CreatedDate], [ModifiedDate], [Status], [BussinessId], [InvoiceId], [ProductId], [SellingPrice], [Quantity], [TotalPrice], [PropertyId], [BuyingPrice], [ProductSerial], [Warranty], [StockIn], [ConversionRate], [Currency]) VALUES (4, 0, 0, CAST(N'2017-10-03 00:00:00.000' AS DateTime), CAST(N'2017-10-03 00:00:00.000' AS DateTime), 1, 0, 2, 3, CAST(1650.00 AS Decimal(18, 2)), CAST(1.00 AS Decimal(18, 2)), CAST(1650.00 AS Decimal(18, 2)), 2, CAST(1570.00 AS Decimal(18, 2)), N'13713/00831791', 6, 38, CAST(1.00 AS Decimal(18, 2)), 1)
INSERT [dbo].[InvoiceDetails] ([Id], [CreatedBy], [ModifiedBy], [CreatedDate], [ModifiedDate], [Status], [BussinessId], [InvoiceId], [ProductId], [SellingPrice], [Quantity], [TotalPrice], [PropertyId], [BuyingPrice], [ProductSerial], [Warranty], [StockIn], [ConversionRate], [Currency]) VALUES (5, 0, 0, CAST(N'2017-10-03 00:00:00.000' AS DateTime), CAST(N'2017-10-03 00:00:00.000' AS DateTime), 1, 0, 2, 3, CAST(1650.00 AS Decimal(18, 2)), CAST(1.00 AS Decimal(18, 2)), CAST(1650.00 AS Decimal(18, 2)), 2, CAST(1570.00 AS Decimal(18, 2)), N'13713/00846004', 6, 38, CAST(1.00 AS Decimal(18, 2)), 1)
INSERT [dbo].[InvoiceDetails] ([Id], [CreatedBy], [ModifiedBy], [CreatedDate], [ModifiedDate], [Status], [BussinessId], [InvoiceId], [ProductId], [SellingPrice], [Quantity], [TotalPrice], [PropertyId], [BuyingPrice], [ProductSerial], [Warranty], [StockIn], [ConversionRate], [Currency]) VALUES (6, 0, 0, CAST(N'2017-10-03 00:00:00.000' AS DateTime), CAST(N'2017-10-03 00:00:00.000' AS DateTime), 1, 0, 3, 3, CAST(1650.00 AS Decimal(18, 2)), CAST(1.00 AS Decimal(18, 2)), CAST(1650.00 AS Decimal(18, 2)), 4, CAST(0.00 AS Decimal(18, 2)), N'13713/00831791', 6, 37, CAST(1.00 AS Decimal(18, 2)), 1)
INSERT [dbo].[InvoiceDetails] ([Id], [CreatedBy], [ModifiedBy], [CreatedDate], [ModifiedDate], [Status], [BussinessId], [InvoiceId], [ProductId], [SellingPrice], [Quantity], [TotalPrice], [PropertyId], [BuyingPrice], [ProductSerial], [Warranty], [StockIn], [ConversionRate], [Currency]) VALUES (7, 0, 0, CAST(N'2017-10-03 00:00:00.000' AS DateTime), CAST(N'2017-10-03 00:00:00.000' AS DateTime), 1, 0, 4, 3, CAST(1650.00 AS Decimal(18, 2)), CAST(1.00 AS Decimal(18, 2)), CAST(1650.00 AS Decimal(18, 2)), 3, CAST(1570.00 AS Decimal(18, 2)), N'13713/00848757', 6, 38, CAST(1.00 AS Decimal(18, 2)), 1)
INSERT [dbo].[InvoiceDetails] ([Id], [CreatedBy], [ModifiedBy], [CreatedDate], [ModifiedDate], [Status], [BussinessId], [InvoiceId], [ProductId], [SellingPrice], [Quantity], [TotalPrice], [PropertyId], [BuyingPrice], [ProductSerial], [Warranty], [StockIn], [ConversionRate], [Currency]) VALUES (8, 0, 0, CAST(N'2017-10-03 00:00:00.000' AS DateTime), CAST(N'2017-10-03 00:00:00.000' AS DateTime), 1, 0, 5, 3, CAST(1650.00 AS Decimal(18, 2)), CAST(1.00 AS Decimal(18, 2)), CAST(1650.00 AS Decimal(18, 2)), 4, CAST(0.00 AS Decimal(18, 2)), N'13713/00846004', 6, 37, CAST(1.00 AS Decimal(18, 2)), 1)
INSERT [dbo].[InvoiceDetails] ([Id], [CreatedBy], [ModifiedBy], [CreatedDate], [ModifiedDate], [Status], [BussinessId], [InvoiceId], [ProductId], [SellingPrice], [Quantity], [TotalPrice], [PropertyId], [BuyingPrice], [ProductSerial], [Warranty], [StockIn], [ConversionRate], [Currency]) VALUES (9, 0, 0, CAST(N'2017-10-03 00:00:00.000' AS DateTime), CAST(N'2017-10-03 00:00:00.000' AS DateTime), 1, 0, 6, 3, CAST(0.00 AS Decimal(18, 2)), CAST(1.00 AS Decimal(18, 2)), CAST(1570.00 AS Decimal(18, 2)), 7, CAST(1570.00 AS Decimal(18, 2)), N'13713/00846004', 6, 38, CAST(1.00 AS Decimal(18, 2)), 1)
INSERT [dbo].[InvoiceDetails] ([Id], [CreatedBy], [ModifiedBy], [CreatedDate], [ModifiedDate], [Status], [BussinessId], [InvoiceId], [ProductId], [SellingPrice], [Quantity], [TotalPrice], [PropertyId], [BuyingPrice], [ProductSerial], [Warranty], [StockIn], [ConversionRate], [Currency]) VALUES (10, 0, 0, CAST(N'2017-10-03 00:00:00.000' AS DateTime), CAST(N'2017-10-03 00:00:00.000' AS DateTime), 1, 0, 7, 3, CAST(0.00 AS Decimal(18, 2)), CAST(1.00 AS Decimal(18, 2)), CAST(1570.00 AS Decimal(18, 2)), 5, CAST(1570.00 AS Decimal(18, 2)), N'1021', 0, 37, CAST(1.00 AS Decimal(18, 2)), 1)
INSERT [dbo].[InvoiceDetails] ([Id], [CreatedBy], [ModifiedBy], [CreatedDate], [ModifiedDate], [Status], [BussinessId], [InvoiceId], [ProductId], [SellingPrice], [Quantity], [TotalPrice], [PropertyId], [BuyingPrice], [ProductSerial], [Warranty], [StockIn], [ConversionRate], [Currency]) VALUES (11, 0, 0, CAST(N'2017-10-03 00:00:00.000' AS DateTime), CAST(N'2017-10-03 00:00:00.000' AS DateTime), 1, 0, 8, 3, CAST(1650.00 AS Decimal(18, 2)), CAST(1.00 AS Decimal(18, 2)), CAST(1650.00 AS Decimal(18, 2)), 2, CAST(1570.00 AS Decimal(18, 2)), N'1022', 0, 38, CAST(1.00 AS Decimal(18, 2)), 1)
INSERT [dbo].[InvoiceDetails] ([Id], [CreatedBy], [ModifiedBy], [CreatedDate], [ModifiedDate], [Status], [BussinessId], [InvoiceId], [ProductId], [SellingPrice], [Quantity], [TotalPrice], [PropertyId], [BuyingPrice], [ProductSerial], [Warranty], [StockIn], [ConversionRate], [Currency]) VALUES (12, 0, 0, CAST(N'2017-10-03 00:00:00.000' AS DateTime), CAST(N'2017-10-03 00:00:00.000' AS DateTime), 1, 0, 9, 3, CAST(0.00 AS Decimal(18, 2)), CAST(1.00 AS Decimal(18, 2)), CAST(1570.00 AS Decimal(18, 2)), 5, CAST(1570.00 AS Decimal(18, 2)), N'1022', 0, 37, CAST(1.00 AS Decimal(18, 2)), 1)
INSERT [dbo].[InvoiceDetails] ([Id], [CreatedBy], [ModifiedBy], [CreatedDate], [ModifiedDate], [Status], [BussinessId], [InvoiceId], [ProductId], [SellingPrice], [Quantity], [TotalPrice], [PropertyId], [BuyingPrice], [ProductSerial], [Warranty], [StockIn], [ConversionRate], [Currency]) VALUES (13, 0, 0, CAST(N'2017-10-04 00:00:00.000' AS DateTime), CAST(N'2017-10-04 00:00:00.000' AS DateTime), 1, 0, 10, 28, CAST(0.00 AS Decimal(18, 2)), CAST(1.00 AS Decimal(18, 2)), CAST(67097.00 AS Decimal(18, 2)), 5, CAST(67097.00 AS Decimal(18, 2)), N'15987/00045972', 12, 37, CAST(1.00 AS Decimal(18, 2)), 1)
INSERT [dbo].[InvoiceDetails] ([Id], [CreatedBy], [ModifiedBy], [CreatedDate], [ModifiedDate], [Status], [BussinessId], [InvoiceId], [ProductId], [SellingPrice], [Quantity], [TotalPrice], [PropertyId], [BuyingPrice], [ProductSerial], [Warranty], [StockIn], [ConversionRate], [Currency]) VALUES (14, 0, 0, CAST(N'2017-10-04 00:00:00.000' AS DateTime), CAST(N'2017-10-04 00:00:00.000' AS DateTime), 1, 0, 10, 28, CAST(0.00 AS Decimal(18, 2)), CAST(1.00 AS Decimal(18, 2)), CAST(67097.00 AS Decimal(18, 2)), 5, CAST(67097.00 AS Decimal(18, 2)), N'15987/00045928', 12, 37, CAST(1.00 AS Decimal(18, 2)), 1)
INSERT [dbo].[InvoiceDetails] ([Id], [CreatedBy], [ModifiedBy], [CreatedDate], [ModifiedDate], [Status], [BussinessId], [InvoiceId], [ProductId], [SellingPrice], [Quantity], [TotalPrice], [PropertyId], [BuyingPrice], [ProductSerial], [Warranty], [StockIn], [ConversionRate], [Currency]) VALUES (15, 0, 0, CAST(N'2017-10-04 00:00:00.000' AS DateTime), CAST(N'2017-10-04 00:00:00.000' AS DateTime), 1, 0, 10, 28, CAST(0.00 AS Decimal(18, 2)), CAST(1.00 AS Decimal(18, 2)), CAST(67097.00 AS Decimal(18, 2)), 5, CAST(67097.00 AS Decimal(18, 2)), N'15987/00045799', 12, 37, CAST(1.00 AS Decimal(18, 2)), 1)
INSERT [dbo].[InvoiceDetails] ([Id], [CreatedBy], [ModifiedBy], [CreatedDate], [ModifiedDate], [Status], [BussinessId], [InvoiceId], [ProductId], [SellingPrice], [Quantity], [TotalPrice], [PropertyId], [BuyingPrice], [ProductSerial], [Warranty], [StockIn], [ConversionRate], [Currency]) VALUES (16, 0, 0, CAST(N'2017-10-04 00:00:00.000' AS DateTime), CAST(N'2017-10-04 00:00:00.000' AS DateTime), 1, 0, 10, 28, CAST(0.00 AS Decimal(18, 2)), CAST(1.00 AS Decimal(18, 2)), CAST(67097.00 AS Decimal(18, 2)), 5, CAST(67097.00 AS Decimal(18, 2)), N'15987/00045977', 12, 37, CAST(1.00 AS Decimal(18, 2)), 1)
INSERT [dbo].[InvoiceDetails] ([Id], [CreatedBy], [ModifiedBy], [CreatedDate], [ModifiedDate], [Status], [BussinessId], [InvoiceId], [ProductId], [SellingPrice], [Quantity], [TotalPrice], [PropertyId], [BuyingPrice], [ProductSerial], [Warranty], [StockIn], [ConversionRate], [Currency]) VALUES (17, 0, 0, CAST(N'2017-10-04 00:00:00.000' AS DateTime), CAST(N'2017-10-04 00:00:00.000' AS DateTime), 1, 0, 10, 28, CAST(0.00 AS Decimal(18, 2)), CAST(1.00 AS Decimal(18, 2)), CAST(67097.00 AS Decimal(18, 2)), 5, CAST(67097.00 AS Decimal(18, 2)), N'15987/00045803', 12, 37, CAST(1.00 AS Decimal(18, 2)), 1)
INSERT [dbo].[InvoiceDetails] ([Id], [CreatedBy], [ModifiedBy], [CreatedDate], [ModifiedDate], [Status], [BussinessId], [InvoiceId], [ProductId], [SellingPrice], [Quantity], [TotalPrice], [PropertyId], [BuyingPrice], [ProductSerial], [Warranty], [StockIn], [ConversionRate], [Currency]) VALUES (18, 0, 0, CAST(N'2017-10-04 00:00:00.000' AS DateTime), CAST(N'2017-10-04 00:00:00.000' AS DateTime), 1, 0, 10, 28, CAST(0.00 AS Decimal(18, 2)), CAST(1.00 AS Decimal(18, 2)), CAST(67097.00 AS Decimal(18, 2)), 5, CAST(67097.00 AS Decimal(18, 2)), N'15987/00045794', 12, 37, CAST(1.00 AS Decimal(18, 2)), 1)
INSERT [dbo].[InvoiceDetails] ([Id], [CreatedBy], [ModifiedBy], [CreatedDate], [ModifiedDate], [Status], [BussinessId], [InvoiceId], [ProductId], [SellingPrice], [Quantity], [TotalPrice], [PropertyId], [BuyingPrice], [ProductSerial], [Warranty], [StockIn], [ConversionRate], [Currency]) VALUES (19, 0, 0, CAST(N'2017-10-04 00:00:00.000' AS DateTime), CAST(N'2017-10-04 00:00:00.000' AS DateTime), 1, 0, 10, 28, CAST(0.00 AS Decimal(18, 2)), CAST(1.00 AS Decimal(18, 2)), CAST(67097.00 AS Decimal(18, 2)), 5, CAST(67097.00 AS Decimal(18, 2)), N'15987/00045830', 12, 37, CAST(1.00 AS Decimal(18, 2)), 1)
INSERT [dbo].[InvoiceDetails] ([Id], [CreatedBy], [ModifiedBy], [CreatedDate], [ModifiedDate], [Status], [BussinessId], [InvoiceId], [ProductId], [SellingPrice], [Quantity], [TotalPrice], [PropertyId], [BuyingPrice], [ProductSerial], [Warranty], [StockIn], [ConversionRate], [Currency]) VALUES (20, 0, 0, CAST(N'2017-10-04 00:00:00.000' AS DateTime), CAST(N'2017-10-04 00:00:00.000' AS DateTime), 1, 0, 10, 28, CAST(0.00 AS Decimal(18, 2)), CAST(1.00 AS Decimal(18, 2)), CAST(67097.00 AS Decimal(18, 2)), 5, CAST(67097.00 AS Decimal(18, 2)), N'15987/00045968', 12, 37, CAST(1.00 AS Decimal(18, 2)), 1)
INSERT [dbo].[InvoiceDetails] ([Id], [CreatedBy], [ModifiedBy], [CreatedDate], [ModifiedDate], [Status], [BussinessId], [InvoiceId], [ProductId], [SellingPrice], [Quantity], [TotalPrice], [PropertyId], [BuyingPrice], [ProductSerial], [Warranty], [StockIn], [ConversionRate], [Currency]) VALUES (21, 0, 0, CAST(N'2017-10-04 00:00:00.000' AS DateTime), CAST(N'2017-10-04 00:00:00.000' AS DateTime), 1, 0, 10, 28, CAST(0.00 AS Decimal(18, 2)), CAST(1.00 AS Decimal(18, 2)), CAST(67097.00 AS Decimal(18, 2)), 5, CAST(67097.00 AS Decimal(18, 2)), N'15987/00045970', 12, 37, CAST(1.00 AS Decimal(18, 2)), 1)
INSERT [dbo].[InvoiceDetails] ([Id], [CreatedBy], [ModifiedBy], [CreatedDate], [ModifiedDate], [Status], [BussinessId], [InvoiceId], [ProductId], [SellingPrice], [Quantity], [TotalPrice], [PropertyId], [BuyingPrice], [ProductSerial], [Warranty], [StockIn], [ConversionRate], [Currency]) VALUES (22, 0, 0, CAST(N'2017-10-04 00:00:00.000' AS DateTime), CAST(N'2017-10-04 00:00:00.000' AS DateTime), 1, 0, 10, 28, CAST(0.00 AS Decimal(18, 2)), CAST(1.00 AS Decimal(18, 2)), CAST(67097.00 AS Decimal(18, 2)), 5, CAST(67097.00 AS Decimal(18, 2)), N'15987/00046019', 12, 37, CAST(1.00 AS Decimal(18, 2)), 1)
INSERT [dbo].[InvoiceDetails] ([Id], [CreatedBy], [ModifiedBy], [CreatedDate], [ModifiedDate], [Status], [BussinessId], [InvoiceId], [ProductId], [SellingPrice], [Quantity], [TotalPrice], [PropertyId], [BuyingPrice], [ProductSerial], [Warranty], [StockIn], [ConversionRate], [Currency]) VALUES (23, 0, 0, CAST(N'2017-10-04 00:00:00.000' AS DateTime), CAST(N'2017-10-04 00:00:00.000' AS DateTime), 1, 0, 10, 28, CAST(0.00 AS Decimal(18, 2)), CAST(1.00 AS Decimal(18, 2)), CAST(67097.00 AS Decimal(18, 2)), 5, CAST(67097.00 AS Decimal(18, 2)), N'15987/00046314', 12, 37, CAST(1.00 AS Decimal(18, 2)), 1)
INSERT [dbo].[InvoiceDetails] ([Id], [CreatedBy], [ModifiedBy], [CreatedDate], [ModifiedDate], [Status], [BussinessId], [InvoiceId], [ProductId], [SellingPrice], [Quantity], [TotalPrice], [PropertyId], [BuyingPrice], [ProductSerial], [Warranty], [StockIn], [ConversionRate], [Currency]) VALUES (24, 0, 0, CAST(N'2017-10-04 00:00:00.000' AS DateTime), CAST(N'2017-10-04 00:00:00.000' AS DateTime), 1, 0, 10, 28, CAST(0.00 AS Decimal(18, 2)), CAST(1.00 AS Decimal(18, 2)), CAST(67097.00 AS Decimal(18, 2)), 5, CAST(67097.00 AS Decimal(18, 2)), N'15987/00045955', 12, 37, CAST(1.00 AS Decimal(18, 2)), 1)
INSERT [dbo].[InvoiceDetails] ([Id], [CreatedBy], [ModifiedBy], [CreatedDate], [ModifiedDate], [Status], [BussinessId], [InvoiceId], [ProductId], [SellingPrice], [Quantity], [TotalPrice], [PropertyId], [BuyingPrice], [ProductSerial], [Warranty], [StockIn], [ConversionRate], [Currency]) VALUES (25, 0, 0, CAST(N'2017-10-04 00:00:00.000' AS DateTime), CAST(N'2017-10-04 00:00:00.000' AS DateTime), 1, 0, 10, 28, CAST(0.00 AS Decimal(18, 2)), CAST(1.00 AS Decimal(18, 2)), CAST(67097.00 AS Decimal(18, 2)), 5, CAST(67097.00 AS Decimal(18, 2)), N'15987/00047181', 12, 37, CAST(1.00 AS Decimal(18, 2)), 1)
INSERT [dbo].[InvoiceDetails] ([Id], [CreatedBy], [ModifiedBy], [CreatedDate], [ModifiedDate], [Status], [BussinessId], [InvoiceId], [ProductId], [SellingPrice], [Quantity], [TotalPrice], [PropertyId], [BuyingPrice], [ProductSerial], [Warranty], [StockIn], [ConversionRate], [Currency]) VALUES (26, 0, 0, CAST(N'2017-10-04 00:00:00.000' AS DateTime), CAST(N'2017-10-04 00:00:00.000' AS DateTime), 1, 0, 10, 28, CAST(0.00 AS Decimal(18, 2)), CAST(1.00 AS Decimal(18, 2)), CAST(67097.00 AS Decimal(18, 2)), 5, CAST(67097.00 AS Decimal(18, 2)), N'15987/00045922', 12, 37, CAST(1.00 AS Decimal(18, 2)), 1)
INSERT [dbo].[InvoiceDetails] ([Id], [CreatedBy], [ModifiedBy], [CreatedDate], [ModifiedDate], [Status], [BussinessId], [InvoiceId], [ProductId], [SellingPrice], [Quantity], [TotalPrice], [PropertyId], [BuyingPrice], [ProductSerial], [Warranty], [StockIn], [ConversionRate], [Currency]) VALUES (27, 0, 0, CAST(N'2017-10-04 00:00:00.000' AS DateTime), CAST(N'2017-10-04 00:00:00.000' AS DateTime), 1, 0, 10, 28, CAST(0.00 AS Decimal(18, 2)), CAST(1.00 AS Decimal(18, 2)), CAST(67097.00 AS Decimal(18, 2)), 5, CAST(67097.00 AS Decimal(18, 2)), N'15987/00047059', 12, 37, CAST(1.00 AS Decimal(18, 2)), 1)
INSERT [dbo].[InvoiceDetails] ([Id], [CreatedBy], [ModifiedBy], [CreatedDate], [ModifiedDate], [Status], [BussinessId], [InvoiceId], [ProductId], [SellingPrice], [Quantity], [TotalPrice], [PropertyId], [BuyingPrice], [ProductSerial], [Warranty], [StockIn], [ConversionRate], [Currency]) VALUES (28, 0, 0, CAST(N'2017-10-04 00:00:00.000' AS DateTime), CAST(N'2017-10-04 00:00:00.000' AS DateTime), 1, 0, 10, 28, CAST(0.00 AS Decimal(18, 2)), CAST(1.00 AS Decimal(18, 2)), CAST(67097.00 AS Decimal(18, 2)), 5, CAST(67097.00 AS Decimal(18, 2)), N'15987/00045986', 12, 37, CAST(1.00 AS Decimal(18, 2)), 1)
INSERT [dbo].[InvoiceDetails] ([Id], [CreatedBy], [ModifiedBy], [CreatedDate], [ModifiedDate], [Status], [BussinessId], [InvoiceId], [ProductId], [SellingPrice], [Quantity], [TotalPrice], [PropertyId], [BuyingPrice], [ProductSerial], [Warranty], [StockIn], [ConversionRate], [Currency]) VALUES (29, 0, 0, CAST(N'2017-10-04 00:00:00.000' AS DateTime), CAST(N'2017-10-04 00:00:00.000' AS DateTime), 1, 0, 10, 28, CAST(0.00 AS Decimal(18, 2)), CAST(1.00 AS Decimal(18, 2)), CAST(67097.00 AS Decimal(18, 2)), 5, CAST(67097.00 AS Decimal(18, 2)), N'15987/00045980', 12, 37, CAST(1.00 AS Decimal(18, 2)), 1)
INSERT [dbo].[InvoiceDetails] ([Id], [CreatedBy], [ModifiedBy], [CreatedDate], [ModifiedDate], [Status], [BussinessId], [InvoiceId], [ProductId], [SellingPrice], [Quantity], [TotalPrice], [PropertyId], [BuyingPrice], [ProductSerial], [Warranty], [StockIn], [ConversionRate], [Currency]) VALUES (30, 0, 0, CAST(N'2017-10-04 00:00:00.000' AS DateTime), CAST(N'2017-10-04 00:00:00.000' AS DateTime), 1, 0, 10, 28, CAST(0.00 AS Decimal(18, 2)), CAST(1.00 AS Decimal(18, 2)), CAST(67097.00 AS Decimal(18, 2)), 5, CAST(67097.00 AS Decimal(18, 2)), N'15987/00046587', 12, 37, CAST(1.00 AS Decimal(18, 2)), 1)
INSERT [dbo].[InvoiceDetails] ([Id], [CreatedBy], [ModifiedBy], [CreatedDate], [ModifiedDate], [Status], [BussinessId], [InvoiceId], [ProductId], [SellingPrice], [Quantity], [TotalPrice], [PropertyId], [BuyingPrice], [ProductSerial], [Warranty], [StockIn], [ConversionRate], [Currency]) VALUES (31, 0, 0, CAST(N'2017-10-04 00:00:00.000' AS DateTime), CAST(N'2017-10-04 00:00:00.000' AS DateTime), 1, 0, 10, 28, CAST(0.00 AS Decimal(18, 2)), CAST(1.00 AS Decimal(18, 2)), CAST(67097.00 AS Decimal(18, 2)), 5, CAST(67097.00 AS Decimal(18, 2)), N'15987/00045987', 12, 37, CAST(1.00 AS Decimal(18, 2)), 1)
INSERT [dbo].[InvoiceDetails] ([Id], [CreatedBy], [ModifiedBy], [CreatedDate], [ModifiedDate], [Status], [BussinessId], [InvoiceId], [ProductId], [SellingPrice], [Quantity], [TotalPrice], [PropertyId], [BuyingPrice], [ProductSerial], [Warranty], [StockIn], [ConversionRate], [Currency]) VALUES (32, 0, 0, CAST(N'2017-10-04 00:00:00.000' AS DateTime), CAST(N'2017-10-04 00:00:00.000' AS DateTime), 1, 0, 10, 28, CAST(0.00 AS Decimal(18, 2)), CAST(1.00 AS Decimal(18, 2)), CAST(67097.00 AS Decimal(18, 2)), 5, CAST(67097.00 AS Decimal(18, 2)), N'15987/00045920', 12, 37, CAST(1.00 AS Decimal(18, 2)), 1)
INSERT [dbo].[InvoiceDetails] ([Id], [CreatedBy], [ModifiedBy], [CreatedDate], [ModifiedDate], [Status], [BussinessId], [InvoiceId], [ProductId], [SellingPrice], [Quantity], [TotalPrice], [PropertyId], [BuyingPrice], [ProductSerial], [Warranty], [StockIn], [ConversionRate], [Currency]) VALUES (33, 0, 0, CAST(N'2017-10-04 00:00:00.000' AS DateTime), CAST(N'2017-10-04 00:00:00.000' AS DateTime), 1, 0, 10, 28, CAST(0.00 AS Decimal(18, 2)), CAST(1.00 AS Decimal(18, 2)), CAST(67097.00 AS Decimal(18, 2)), 5, CAST(67097.00 AS Decimal(18, 2)), N'15987/00046015', 12, 37, CAST(1.00 AS Decimal(18, 2)), 1)
INSERT [dbo].[InvoiceDetails] ([Id], [CreatedBy], [ModifiedBy], [CreatedDate], [ModifiedDate], [Status], [BussinessId], [InvoiceId], [ProductId], [SellingPrice], [Quantity], [TotalPrice], [PropertyId], [BuyingPrice], [ProductSerial], [Warranty], [StockIn], [ConversionRate], [Currency]) VALUES (34, 0, 0, CAST(N'2017-10-04 00:00:00.000' AS DateTime), CAST(N'2017-10-04 00:00:00.000' AS DateTime), 1, 0, 10, 28, CAST(0.00 AS Decimal(18, 2)), CAST(1.00 AS Decimal(18, 2)), CAST(67097.00 AS Decimal(18, 2)), 5, CAST(67097.00 AS Decimal(18, 2)), N'15987/00045961', 12, 37, CAST(1.00 AS Decimal(18, 2)), 1)
INSERT [dbo].[InvoiceDetails] ([Id], [CreatedBy], [ModifiedBy], [CreatedDate], [ModifiedDate], [Status], [BussinessId], [InvoiceId], [ProductId], [SellingPrice], [Quantity], [TotalPrice], [PropertyId], [BuyingPrice], [ProductSerial], [Warranty], [StockIn], [ConversionRate], [Currency]) VALUES (35, 0, 0, CAST(N'2017-10-04 00:00:00.000' AS DateTime), CAST(N'2017-10-04 00:00:00.000' AS DateTime), 1, 0, 10, 28, CAST(0.00 AS Decimal(18, 2)), CAST(1.00 AS Decimal(18, 2)), CAST(67097.00 AS Decimal(18, 2)), 5, CAST(67097.00 AS Decimal(18, 2)), N'15987/00045988', 12, 37, CAST(1.00 AS Decimal(18, 2)), 1)
INSERT [dbo].[InvoiceDetails] ([Id], [CreatedBy], [ModifiedBy], [CreatedDate], [ModifiedDate], [Status], [BussinessId], [InvoiceId], [ProductId], [SellingPrice], [Quantity], [TotalPrice], [PropertyId], [BuyingPrice], [ProductSerial], [Warranty], [StockIn], [ConversionRate], [Currency]) VALUES (36, 0, 0, CAST(N'2017-10-04 00:00:00.000' AS DateTime), CAST(N'2017-10-04 00:00:00.000' AS DateTime), 1, 0, 10, 28, CAST(0.00 AS Decimal(18, 2)), CAST(1.00 AS Decimal(18, 2)), CAST(67097.00 AS Decimal(18, 2)), 5, CAST(67097.00 AS Decimal(18, 2)), N'15987/00045965', 12, 37, CAST(1.00 AS Decimal(18, 2)), 1)
INSERT [dbo].[InvoiceDetails] ([Id], [CreatedBy], [ModifiedBy], [CreatedDate], [ModifiedDate], [Status], [BussinessId], [InvoiceId], [ProductId], [SellingPrice], [Quantity], [TotalPrice], [PropertyId], [BuyingPrice], [ProductSerial], [Warranty], [StockIn], [ConversionRate], [Currency]) VALUES (37, 0, 0, CAST(N'2017-10-04 00:00:00.000' AS DateTime), CAST(N'2017-10-04 00:00:00.000' AS DateTime), 1, 0, 10, 28, CAST(0.00 AS Decimal(18, 2)), CAST(1.00 AS Decimal(18, 2)), CAST(67097.00 AS Decimal(18, 2)), 5, CAST(67097.00 AS Decimal(18, 2)), N'15987/00045979', 12, 37, CAST(1.00 AS Decimal(18, 2)), 1)
INSERT [dbo].[InvoiceDetails] ([Id], [CreatedBy], [ModifiedBy], [CreatedDate], [ModifiedDate], [Status], [BussinessId], [InvoiceId], [ProductId], [SellingPrice], [Quantity], [TotalPrice], [PropertyId], [BuyingPrice], [ProductSerial], [Warranty], [StockIn], [ConversionRate], [Currency]) VALUES (38, 0, 0, CAST(N'2017-10-04 00:00:00.000' AS DateTime), CAST(N'2017-10-04 00:00:00.000' AS DateTime), 1, 0, 10, 28, CAST(0.00 AS Decimal(18, 2)), CAST(1.00 AS Decimal(18, 2)), CAST(67097.00 AS Decimal(18, 2)), 5, CAST(67097.00 AS Decimal(18, 2)), N'15987/00046036', 12, 37, CAST(1.00 AS Decimal(18, 2)), 1)
INSERT [dbo].[InvoiceDetails] ([Id], [CreatedBy], [ModifiedBy], [CreatedDate], [ModifiedDate], [Status], [BussinessId], [InvoiceId], [ProductId], [SellingPrice], [Quantity], [TotalPrice], [PropertyId], [BuyingPrice], [ProductSerial], [Warranty], [StockIn], [ConversionRate], [Currency]) VALUES (39, 0, 0, CAST(N'2017-10-04 00:00:00.000' AS DateTime), CAST(N'2017-10-04 00:00:00.000' AS DateTime), 1, 0, 10, 28, CAST(0.00 AS Decimal(18, 2)), CAST(1.00 AS Decimal(18, 2)), CAST(67097.00 AS Decimal(18, 2)), 5, CAST(67097.00 AS Decimal(18, 2)), N'15987/00046281', 12, 37, CAST(1.00 AS Decimal(18, 2)), 1)
INSERT [dbo].[InvoiceDetails] ([Id], [CreatedBy], [ModifiedBy], [CreatedDate], [ModifiedDate], [Status], [BussinessId], [InvoiceId], [ProductId], [SellingPrice], [Quantity], [TotalPrice], [PropertyId], [BuyingPrice], [ProductSerial], [Warranty], [StockIn], [ConversionRate], [Currency]) VALUES (40, 0, 0, CAST(N'2017-10-04 00:00:00.000' AS DateTime), CAST(N'2017-10-04 00:00:00.000' AS DateTime), 1, 0, 10, 28, CAST(0.00 AS Decimal(18, 2)), CAST(1.00 AS Decimal(18, 2)), CAST(67097.00 AS Decimal(18, 2)), 5, CAST(67097.00 AS Decimal(18, 2)), N'15987/00045952', 12, 37, CAST(1.00 AS Decimal(18, 2)), 1)
INSERT [dbo].[InvoiceDetails] ([Id], [CreatedBy], [ModifiedBy], [CreatedDate], [ModifiedDate], [Status], [BussinessId], [InvoiceId], [ProductId], [SellingPrice], [Quantity], [TotalPrice], [PropertyId], [BuyingPrice], [ProductSerial], [Warranty], [StockIn], [ConversionRate], [Currency]) VALUES (41, 0, 0, CAST(N'2017-10-04 00:00:00.000' AS DateTime), CAST(N'2017-10-04 00:00:00.000' AS DateTime), 1, 0, 10, 28, CAST(0.00 AS Decimal(18, 2)), CAST(1.00 AS Decimal(18, 2)), CAST(67097.00 AS Decimal(18, 2)), 5, CAST(67097.00 AS Decimal(18, 2)), N'15987/00045962', 12, 37, CAST(1.00 AS Decimal(18, 2)), 1)
INSERT [dbo].[InvoiceDetails] ([Id], [CreatedBy], [ModifiedBy], [CreatedDate], [ModifiedDate], [Status], [BussinessId], [InvoiceId], [ProductId], [SellingPrice], [Quantity], [TotalPrice], [PropertyId], [BuyingPrice], [ProductSerial], [Warranty], [StockIn], [ConversionRate], [Currency]) VALUES (42, 0, 0, CAST(N'2017-10-04 00:00:00.000' AS DateTime), CAST(N'2017-10-04 00:00:00.000' AS DateTime), 1, 0, 10, 28, CAST(0.00 AS Decimal(18, 2)), CAST(1.00 AS Decimal(18, 2)), CAST(67097.00 AS Decimal(18, 2)), 5, CAST(67097.00 AS Decimal(18, 2)), N'15987/00045957', 12, 37, CAST(1.00 AS Decimal(18, 2)), 1)
INSERT [dbo].[InvoiceDetails] ([Id], [CreatedBy], [ModifiedBy], [CreatedDate], [ModifiedDate], [Status], [BussinessId], [InvoiceId], [ProductId], [SellingPrice], [Quantity], [TotalPrice], [PropertyId], [BuyingPrice], [ProductSerial], [Warranty], [StockIn], [ConversionRate], [Currency]) VALUES (43, 0, 0, CAST(N'2017-10-04 00:00:00.000' AS DateTime), CAST(N'2017-10-04 00:00:00.000' AS DateTime), 1, 0, 10, 28, CAST(0.00 AS Decimal(18, 2)), CAST(1.00 AS Decimal(18, 2)), CAST(67097.00 AS Decimal(18, 2)), 5, CAST(67097.00 AS Decimal(18, 2)), N'15987/00045959', 12, 37, CAST(1.00 AS Decimal(18, 2)), 1)
INSERT [dbo].[InvoiceDetails] ([Id], [CreatedBy], [ModifiedBy], [CreatedDate], [ModifiedDate], [Status], [BussinessId], [InvoiceId], [ProductId], [SellingPrice], [Quantity], [TotalPrice], [PropertyId], [BuyingPrice], [ProductSerial], [Warranty], [StockIn], [ConversionRate], [Currency]) VALUES (44, 0, 0, CAST(N'2017-10-04 00:00:00.000' AS DateTime), CAST(N'2017-10-04 00:00:00.000' AS DateTime), 1, 0, 10, 28, CAST(0.00 AS Decimal(18, 2)), CAST(1.00 AS Decimal(18, 2)), CAST(67097.00 AS Decimal(18, 2)), 5, CAST(67097.00 AS Decimal(18, 2)), N'15987/00045798', 12, 37, CAST(1.00 AS Decimal(18, 2)), 1)
INSERT [dbo].[InvoiceDetails] ([Id], [CreatedBy], [ModifiedBy], [CreatedDate], [ModifiedDate], [Status], [BussinessId], [InvoiceId], [ProductId], [SellingPrice], [Quantity], [TotalPrice], [PropertyId], [BuyingPrice], [ProductSerial], [Warranty], [StockIn], [ConversionRate], [Currency]) VALUES (45, 0, 0, CAST(N'2017-10-04 00:00:00.000' AS DateTime), CAST(N'2017-10-04 00:00:00.000' AS DateTime), 1, 0, 10, 28, CAST(0.00 AS Decimal(18, 2)), CAST(1.00 AS Decimal(18, 2)), CAST(67097.00 AS Decimal(18, 2)), 5, CAST(67097.00 AS Decimal(18, 2)), N'15987/00045831', 12, 37, CAST(1.00 AS Decimal(18, 2)), 1)
INSERT [dbo].[InvoiceDetails] ([Id], [CreatedBy], [ModifiedBy], [CreatedDate], [ModifiedDate], [Status], [BussinessId], [InvoiceId], [ProductId], [SellingPrice], [Quantity], [TotalPrice], [PropertyId], [BuyingPrice], [ProductSerial], [Warranty], [StockIn], [ConversionRate], [Currency]) VALUES (46, 0, 0, CAST(N'2017-10-04 00:00:00.000' AS DateTime), CAST(N'2017-10-04 00:00:00.000' AS DateTime), 1, 0, 10, 28, CAST(0.00 AS Decimal(18, 2)), CAST(1.00 AS Decimal(18, 2)), CAST(67097.00 AS Decimal(18, 2)), 5, CAST(67097.00 AS Decimal(18, 2)), N'15987/00045981', 12, 37, CAST(1.00 AS Decimal(18, 2)), 1)
INSERT [dbo].[InvoiceDetails] ([Id], [CreatedBy], [ModifiedBy], [CreatedDate], [ModifiedDate], [Status], [BussinessId], [InvoiceId], [ProductId], [SellingPrice], [Quantity], [TotalPrice], [PropertyId], [BuyingPrice], [ProductSerial], [Warranty], [StockIn], [ConversionRate], [Currency]) VALUES (47, 0, 0, CAST(N'2017-10-04 00:00:00.000' AS DateTime), CAST(N'2017-10-04 00:00:00.000' AS DateTime), 1, 0, 10, 28, CAST(0.00 AS Decimal(18, 2)), CAST(1.00 AS Decimal(18, 2)), CAST(67097.00 AS Decimal(18, 2)), 5, CAST(67097.00 AS Decimal(18, 2)), N'15987/00045973', 12, 37, CAST(1.00 AS Decimal(18, 2)), 1)
INSERT [dbo].[InvoiceDetails] ([Id], [CreatedBy], [ModifiedBy], [CreatedDate], [ModifiedDate], [Status], [BussinessId], [InvoiceId], [ProductId], [SellingPrice], [Quantity], [TotalPrice], [PropertyId], [BuyingPrice], [ProductSerial], [Warranty], [StockIn], [ConversionRate], [Currency]) VALUES (48, 0, 0, CAST(N'2017-10-04 00:00:00.000' AS DateTime), CAST(N'2017-10-04 00:00:00.000' AS DateTime), 1, 0, 10, 28, CAST(0.00 AS Decimal(18, 2)), CAST(1.00 AS Decimal(18, 2)), CAST(67097.00 AS Decimal(18, 2)), 5, CAST(67097.00 AS Decimal(18, 2)), N'15987/00045982', 12, 37, CAST(1.00 AS Decimal(18, 2)), 1)
INSERT [dbo].[InvoiceDetails] ([Id], [CreatedBy], [ModifiedBy], [CreatedDate], [ModifiedDate], [Status], [BussinessId], [InvoiceId], [ProductId], [SellingPrice], [Quantity], [TotalPrice], [PropertyId], [BuyingPrice], [ProductSerial], [Warranty], [StockIn], [ConversionRate], [Currency]) VALUES (49, 0, 0, CAST(N'2017-10-04 00:00:00.000' AS DateTime), CAST(N'2017-10-04 00:00:00.000' AS DateTime), 1, 0, 10, 28, CAST(0.00 AS Decimal(18, 2)), CAST(1.00 AS Decimal(18, 2)), CAST(67097.00 AS Decimal(18, 2)), 5, CAST(67097.00 AS Decimal(18, 2)), N'15987/00045819', 12, 37, CAST(1.00 AS Decimal(18, 2)), 1)
INSERT [dbo].[InvoiceDetails] ([Id], [CreatedBy], [ModifiedBy], [CreatedDate], [ModifiedDate], [Status], [BussinessId], [InvoiceId], [ProductId], [SellingPrice], [Quantity], [TotalPrice], [PropertyId], [BuyingPrice], [ProductSerial], [Warranty], [StockIn], [ConversionRate], [Currency]) VALUES (50, 0, 0, CAST(N'2017-10-04 00:00:00.000' AS DateTime), CAST(N'2017-10-04 00:00:00.000' AS DateTime), 1, 0, 10, 28, CAST(0.00 AS Decimal(18, 2)), CAST(1.00 AS Decimal(18, 2)), CAST(67097.00 AS Decimal(18, 2)), 5, CAST(67097.00 AS Decimal(18, 2)), N'15987/00047558', 12, 37, CAST(1.00 AS Decimal(18, 2)), 1)
INSERT [dbo].[InvoiceDetails] ([Id], [CreatedBy], [ModifiedBy], [CreatedDate], [ModifiedDate], [Status], [BussinessId], [InvoiceId], [ProductId], [SellingPrice], [Quantity], [TotalPrice], [PropertyId], [BuyingPrice], [ProductSerial], [Warranty], [StockIn], [ConversionRate], [Currency]) VALUES (51, 0, 0, CAST(N'2017-10-04 00:00:00.000' AS DateTime), CAST(N'2017-10-04 00:00:00.000' AS DateTime), 1, 0, 10, 28, CAST(0.00 AS Decimal(18, 2)), CAST(1.00 AS Decimal(18, 2)), CAST(67097.00 AS Decimal(18, 2)), 5, CAST(67097.00 AS Decimal(18, 2)), N'15987/00046111', 12, 37, CAST(1.00 AS Decimal(18, 2)), 1)
INSERT [dbo].[InvoiceDetails] ([Id], [CreatedBy], [ModifiedBy], [CreatedDate], [ModifiedDate], [Status], [BussinessId], [InvoiceId], [ProductId], [SellingPrice], [Quantity], [TotalPrice], [PropertyId], [BuyingPrice], [ProductSerial], [Warranty], [StockIn], [ConversionRate], [Currency]) VALUES (52, 0, 0, CAST(N'2017-10-04 00:00:00.000' AS DateTime), CAST(N'2017-10-04 00:00:00.000' AS DateTime), 1, 0, 10, 28, CAST(0.00 AS Decimal(18, 2)), CAST(1.00 AS Decimal(18, 2)), CAST(67097.00 AS Decimal(18, 2)), 5, CAST(67097.00 AS Decimal(18, 2)), N'15987/00045994', 12, 37, CAST(1.00 AS Decimal(18, 2)), 1)
INSERT [dbo].[InvoiceDetails] ([Id], [CreatedBy], [ModifiedBy], [CreatedDate], [ModifiedDate], [Status], [BussinessId], [InvoiceId], [ProductId], [SellingPrice], [Quantity], [TotalPrice], [PropertyId], [BuyingPrice], [ProductSerial], [Warranty], [StockIn], [ConversionRate], [Currency]) VALUES (53, 0, 0, CAST(N'2017-10-04 00:00:00.000' AS DateTime), CAST(N'2017-10-04 00:00:00.000' AS DateTime), 1, 0, 10, 28, CAST(0.00 AS Decimal(18, 2)), CAST(1.00 AS Decimal(18, 2)), CAST(67097.00 AS Decimal(18, 2)), 5, CAST(67097.00 AS Decimal(18, 2)), N'15987/00045801', 12, 37, CAST(1.00 AS Decimal(18, 2)), 1)
INSERT [dbo].[InvoiceDetails] ([Id], [CreatedBy], [ModifiedBy], [CreatedDate], [ModifiedDate], [Status], [BussinessId], [InvoiceId], [ProductId], [SellingPrice], [Quantity], [TotalPrice], [PropertyId], [BuyingPrice], [ProductSerial], [Warranty], [StockIn], [ConversionRate], [Currency]) VALUES (54, 0, 0, CAST(N'2017-10-04 00:00:00.000' AS DateTime), CAST(N'2017-10-04 00:00:00.000' AS DateTime), 1, 0, 10, 28, CAST(0.00 AS Decimal(18, 2)), CAST(1.00 AS Decimal(18, 2)), CAST(67097.00 AS Decimal(18, 2)), 5, CAST(67097.00 AS Decimal(18, 2)), N'15987/00045837', 12, 37, CAST(1.00 AS Decimal(18, 2)), 1)
INSERT [dbo].[InvoiceDetails] ([Id], [CreatedBy], [ModifiedBy], [CreatedDate], [ModifiedDate], [Status], [BussinessId], [InvoiceId], [ProductId], [SellingPrice], [Quantity], [TotalPrice], [PropertyId], [BuyingPrice], [ProductSerial], [Warranty], [StockIn], [ConversionRate], [Currency]) VALUES (55, 0, 0, CAST(N'2017-10-04 00:00:00.000' AS DateTime), CAST(N'2017-10-04 00:00:00.000' AS DateTime), 1, 0, 10, 28, CAST(0.00 AS Decimal(18, 2)), CAST(1.00 AS Decimal(18, 2)), CAST(67097.00 AS Decimal(18, 2)), 5, CAST(67097.00 AS Decimal(18, 2)), N'15987/00046761', 12, 37, CAST(1.00 AS Decimal(18, 2)), 1)
INSERT [dbo].[InvoiceDetails] ([Id], [CreatedBy], [ModifiedBy], [CreatedDate], [ModifiedDate], [Status], [BussinessId], [InvoiceId], [ProductId], [SellingPrice], [Quantity], [TotalPrice], [PropertyId], [BuyingPrice], [ProductSerial], [Warranty], [StockIn], [ConversionRate], [Currency]) VALUES (56, 0, 0, CAST(N'2017-10-04 00:00:00.000' AS DateTime), CAST(N'2017-10-04 00:00:00.000' AS DateTime), 1, 0, 10, 28, CAST(0.00 AS Decimal(18, 2)), CAST(1.00 AS Decimal(18, 2)), CAST(67097.00 AS Decimal(18, 2)), 5, CAST(67097.00 AS Decimal(18, 2)), N'15987/00045984', 12, 37, CAST(1.00 AS Decimal(18, 2)), 1)
INSERT [dbo].[InvoiceDetails] ([Id], [CreatedBy], [ModifiedBy], [CreatedDate], [ModifiedDate], [Status], [BussinessId], [InvoiceId], [ProductId], [SellingPrice], [Quantity], [TotalPrice], [PropertyId], [BuyingPrice], [ProductSerial], [Warranty], [StockIn], [ConversionRate], [Currency]) VALUES (57, 0, 0, CAST(N'2017-10-04 00:00:00.000' AS DateTime), CAST(N'2017-10-04 00:00:00.000' AS DateTime), 1, 0, 10, 28, CAST(0.00 AS Decimal(18, 2)), CAST(1.00 AS Decimal(18, 2)), CAST(67097.00 AS Decimal(18, 2)), 5, CAST(67097.00 AS Decimal(18, 2)), N'15987/00045958', 12, 37, CAST(1.00 AS Decimal(18, 2)), 1)
INSERT [dbo].[InvoiceDetails] ([Id], [CreatedBy], [ModifiedBy], [CreatedDate], [ModifiedDate], [Status], [BussinessId], [InvoiceId], [ProductId], [SellingPrice], [Quantity], [TotalPrice], [PropertyId], [BuyingPrice], [ProductSerial], [Warranty], [StockIn], [ConversionRate], [Currency]) VALUES (58, 0, 0, CAST(N'2017-10-04 00:00:00.000' AS DateTime), CAST(N'2017-10-04 00:00:00.000' AS DateTime), 1, 0, 10, 28, CAST(0.00 AS Decimal(18, 2)), CAST(1.00 AS Decimal(18, 2)), CAST(67097.00 AS Decimal(18, 2)), 5, CAST(67097.00 AS Decimal(18, 2)), N'15987/00045985', 12, 37, CAST(1.00 AS Decimal(18, 2)), 1)
INSERT [dbo].[InvoiceDetails] ([Id], [CreatedBy], [ModifiedBy], [CreatedDate], [ModifiedDate], [Status], [BussinessId], [InvoiceId], [ProductId], [SellingPrice], [Quantity], [TotalPrice], [PropertyId], [BuyingPrice], [ProductSerial], [Warranty], [StockIn], [ConversionRate], [Currency]) VALUES (59, 0, 0, CAST(N'2017-10-04 00:00:00.000' AS DateTime), CAST(N'2017-10-04 00:00:00.000' AS DateTime), 1, 0, 10, 28, CAST(0.00 AS Decimal(18, 2)), CAST(1.00 AS Decimal(18, 2)), CAST(67097.00 AS Decimal(18, 2)), 5, CAST(67097.00 AS Decimal(18, 2)), N'15987/00045954', 12, 37, CAST(1.00 AS Decimal(18, 2)), 1)
INSERT [dbo].[InvoiceDetails] ([Id], [CreatedBy], [ModifiedBy], [CreatedDate], [ModifiedDate], [Status], [BussinessId], [InvoiceId], [ProductId], [SellingPrice], [Quantity], [TotalPrice], [PropertyId], [BuyingPrice], [ProductSerial], [Warranty], [StockIn], [ConversionRate], [Currency]) VALUES (60, 0, 0, CAST(N'2017-10-04 00:00:00.000' AS DateTime), CAST(N'2017-10-04 00:00:00.000' AS DateTime), 1, 0, 10, 28, CAST(0.00 AS Decimal(18, 2)), CAST(1.00 AS Decimal(18, 2)), CAST(67097.00 AS Decimal(18, 2)), 5, CAST(67097.00 AS Decimal(18, 2)), N'15987/00045948', 12, 37, CAST(1.00 AS Decimal(18, 2)), 1)
INSERT [dbo].[InvoiceDetails] ([Id], [CreatedBy], [ModifiedBy], [CreatedDate], [ModifiedDate], [Status], [BussinessId], [InvoiceId], [ProductId], [SellingPrice], [Quantity], [TotalPrice], [PropertyId], [BuyingPrice], [ProductSerial], [Warranty], [StockIn], [ConversionRate], [Currency]) VALUES (61, 0, 0, CAST(N'2017-10-04 00:00:00.000' AS DateTime), CAST(N'2017-10-04 00:00:00.000' AS DateTime), 1, 0, 10, 28, CAST(0.00 AS Decimal(18, 2)), CAST(1.00 AS Decimal(18, 2)), CAST(67097.00 AS Decimal(18, 2)), 5, CAST(67097.00 AS Decimal(18, 2)), N'15987/00046062', 12, 37, CAST(1.00 AS Decimal(18, 2)), 1)
INSERT [dbo].[InvoiceDetails] ([Id], [CreatedBy], [ModifiedBy], [CreatedDate], [ModifiedDate], [Status], [BussinessId], [InvoiceId], [ProductId], [SellingPrice], [Quantity], [TotalPrice], [PropertyId], [BuyingPrice], [ProductSerial], [Warranty], [StockIn], [ConversionRate], [Currency]) VALUES (62, 0, 0, CAST(N'2017-10-04 00:00:00.000' AS DateTime), CAST(N'2017-10-04 00:00:00.000' AS DateTime), 1, 0, 10, 28, CAST(0.00 AS Decimal(18, 2)), CAST(1.00 AS Decimal(18, 2)), CAST(67097.00 AS Decimal(18, 2)), 5, CAST(67097.00 AS Decimal(18, 2)), N'15987/00045933', 12, 37, CAST(1.00 AS Decimal(18, 2)), 1)
INSERT [dbo].[InvoiceDetails] ([Id], [CreatedBy], [ModifiedBy], [CreatedDate], [ModifiedDate], [Status], [BussinessId], [InvoiceId], [ProductId], [SellingPrice], [Quantity], [TotalPrice], [PropertyId], [BuyingPrice], [ProductSerial], [Warranty], [StockIn], [ConversionRate], [Currency]) VALUES (63, 0, 0, CAST(N'2017-10-04 00:00:00.000' AS DateTime), CAST(N'2017-10-04 00:00:00.000' AS DateTime), 1, 0, 10, 28, CAST(0.00 AS Decimal(18, 2)), CAST(1.00 AS Decimal(18, 2)), CAST(67097.00 AS Decimal(18, 2)), 5, CAST(67097.00 AS Decimal(18, 2)), N'15987/00046749', 12, 37, CAST(1.00 AS Decimal(18, 2)), 1)
INSERT [dbo].[InvoiceDetails] ([Id], [CreatedBy], [ModifiedBy], [CreatedDate], [ModifiedDate], [Status], [BussinessId], [InvoiceId], [ProductId], [SellingPrice], [Quantity], [TotalPrice], [PropertyId], [BuyingPrice], [ProductSerial], [Warranty], [StockIn], [ConversionRate], [Currency]) VALUES (64, 0, 0, CAST(N'2017-10-04 00:00:00.000' AS DateTime), CAST(N'2017-10-04 00:00:00.000' AS DateTime), 1, 0, 10, 28, CAST(0.00 AS Decimal(18, 2)), CAST(1.00 AS Decimal(18, 2)), CAST(67097.00 AS Decimal(18, 2)), 5, CAST(67097.00 AS Decimal(18, 2)), N'15987/00045806', 12, 37, CAST(1.00 AS Decimal(18, 2)), 1)
INSERT [dbo].[InvoiceDetails] ([Id], [CreatedBy], [ModifiedBy], [CreatedDate], [ModifiedDate], [Status], [BussinessId], [InvoiceId], [ProductId], [SellingPrice], [Quantity], [TotalPrice], [PropertyId], [BuyingPrice], [ProductSerial], [Warranty], [StockIn], [ConversionRate], [Currency]) VALUES (65, 0, 0, CAST(N'2017-10-04 00:00:00.000' AS DateTime), CAST(N'2017-10-04 00:00:00.000' AS DateTime), 1, 0, 10, 28, CAST(0.00 AS Decimal(18, 2)), CAST(1.00 AS Decimal(18, 2)), CAST(67097.00 AS Decimal(18, 2)), 5, CAST(67097.00 AS Decimal(18, 2)), N'15987/00045811', 12, 37, CAST(1.00 AS Decimal(18, 2)), 1)
INSERT [dbo].[InvoiceDetails] ([Id], [CreatedBy], [ModifiedBy], [CreatedDate], [ModifiedDate], [Status], [BussinessId], [InvoiceId], [ProductId], [SellingPrice], [Quantity], [TotalPrice], [PropertyId], [BuyingPrice], [ProductSerial], [Warranty], [StockIn], [ConversionRate], [Currency]) VALUES (66, 0, 0, CAST(N'2017-10-04 00:00:00.000' AS DateTime), CAST(N'2017-10-04 00:00:00.000' AS DateTime), 1, 0, 10, 28, CAST(0.00 AS Decimal(18, 2)), CAST(1.00 AS Decimal(18, 2)), CAST(67097.00 AS Decimal(18, 2)), 5, CAST(67097.00 AS Decimal(18, 2)), N'15987/00045784', 12, 37, CAST(1.00 AS Decimal(18, 2)), 1)
INSERT [dbo].[InvoiceDetails] ([Id], [CreatedBy], [ModifiedBy], [CreatedDate], [ModifiedDate], [Status], [BussinessId], [InvoiceId], [ProductId], [SellingPrice], [Quantity], [TotalPrice], [PropertyId], [BuyingPrice], [ProductSerial], [Warranty], [StockIn], [ConversionRate], [Currency]) VALUES (67, 0, 0, CAST(N'2017-10-04 00:00:00.000' AS DateTime), CAST(N'2017-10-04 00:00:00.000' AS DateTime), 1, 0, 10, 28, CAST(0.00 AS Decimal(18, 2)), CAST(1.00 AS Decimal(18, 2)), CAST(67097.00 AS Decimal(18, 2)), 5, CAST(67097.00 AS Decimal(18, 2)), N'15987/00045983', 12, 37, CAST(1.00 AS Decimal(18, 2)), 1)
INSERT [dbo].[InvoiceDetails] ([Id], [CreatedBy], [ModifiedBy], [CreatedDate], [ModifiedDate], [Status], [BussinessId], [InvoiceId], [ProductId], [SellingPrice], [Quantity], [TotalPrice], [PropertyId], [BuyingPrice], [ProductSerial], [Warranty], [StockIn], [ConversionRate], [Currency]) VALUES (68, 0, 0, CAST(N'2017-10-04 00:00:00.000' AS DateTime), CAST(N'2017-10-04 00:00:00.000' AS DateTime), 1, 0, 10, 28, CAST(0.00 AS Decimal(18, 2)), CAST(1.00 AS Decimal(18, 2)), CAST(67097.00 AS Decimal(18, 2)), 5, CAST(67097.00 AS Decimal(18, 2)), N'15987/00045816', 12, 37, CAST(1.00 AS Decimal(18, 2)), 1)
INSERT [dbo].[InvoiceDetails] ([Id], [CreatedBy], [ModifiedBy], [CreatedDate], [ModifiedDate], [Status], [BussinessId], [InvoiceId], [ProductId], [SellingPrice], [Quantity], [TotalPrice], [PropertyId], [BuyingPrice], [ProductSerial], [Warranty], [StockIn], [ConversionRate], [Currency]) VALUES (69, 0, 0, CAST(N'2017-10-04 00:00:00.000' AS DateTime), CAST(N'2017-10-04 00:00:00.000' AS DateTime), 1, 0, 10, 28, CAST(0.00 AS Decimal(18, 2)), CAST(1.00 AS Decimal(18, 2)), CAST(67097.00 AS Decimal(18, 2)), 5, CAST(67097.00 AS Decimal(18, 2)), N'15987/00045815', 12, 37, CAST(1.00 AS Decimal(18, 2)), 1)
INSERT [dbo].[InvoiceDetails] ([Id], [CreatedBy], [ModifiedBy], [CreatedDate], [ModifiedDate], [Status], [BussinessId], [InvoiceId], [ProductId], [SellingPrice], [Quantity], [TotalPrice], [PropertyId], [BuyingPrice], [ProductSerial], [Warranty], [StockIn], [ConversionRate], [Currency]) VALUES (70, 0, 0, CAST(N'2017-10-04 00:00:00.000' AS DateTime), CAST(N'2017-10-04 00:00:00.000' AS DateTime), 1, 0, 10, 28, CAST(0.00 AS Decimal(18, 2)), CAST(1.00 AS Decimal(18, 2)), CAST(67097.00 AS Decimal(18, 2)), 5, CAST(67097.00 AS Decimal(18, 2)), N'15987/00046012', 12, 37, CAST(1.00 AS Decimal(18, 2)), 1)
INSERT [dbo].[InvoiceDetails] ([Id], [CreatedBy], [ModifiedBy], [CreatedDate], [ModifiedDate], [Status], [BussinessId], [InvoiceId], [ProductId], [SellingPrice], [Quantity], [TotalPrice], [PropertyId], [BuyingPrice], [ProductSerial], [Warranty], [StockIn], [ConversionRate], [Currency]) VALUES (71, 0, 0, CAST(N'2017-10-04 00:00:00.000' AS DateTime), CAST(N'2017-10-04 00:00:00.000' AS DateTime), 1, 0, 10, 28, CAST(0.00 AS Decimal(18, 2)), CAST(1.00 AS Decimal(18, 2)), CAST(67097.00 AS Decimal(18, 2)), 5, CAST(67097.00 AS Decimal(18, 2)), N'15987/00045812', 12, 37, CAST(1.00 AS Decimal(18, 2)), 1)
INSERT [dbo].[InvoiceDetails] ([Id], [CreatedBy], [ModifiedBy], [CreatedDate], [ModifiedDate], [Status], [BussinessId], [InvoiceId], [ProductId], [SellingPrice], [Quantity], [TotalPrice], [PropertyId], [BuyingPrice], [ProductSerial], [Warranty], [StockIn], [ConversionRate], [Currency]) VALUES (72, 0, 0, CAST(N'2017-10-04 00:00:00.000' AS DateTime), CAST(N'2017-10-04 00:00:00.000' AS DateTime), 1, 0, 10, 28, CAST(0.00 AS Decimal(18, 2)), CAST(1.00 AS Decimal(18, 2)), CAST(67097.00 AS Decimal(18, 2)), 5, CAST(67097.00 AS Decimal(18, 2)), N'15987/00047325', 12, 37, CAST(1.00 AS Decimal(18, 2)), 1)
INSERT [dbo].[InvoiceDetails] ([Id], [CreatedBy], [ModifiedBy], [CreatedDate], [ModifiedDate], [Status], [BussinessId], [InvoiceId], [ProductId], [SellingPrice], [Quantity], [TotalPrice], [PropertyId], [BuyingPrice], [ProductSerial], [Warranty], [StockIn], [ConversionRate], [Currency]) VALUES (73, 0, 0, CAST(N'2017-10-04 00:00:00.000' AS DateTime), CAST(N'2017-10-04 00:00:00.000' AS DateTime), 1, 0, 10, 28, CAST(0.00 AS Decimal(18, 2)), CAST(1.00 AS Decimal(18, 2)), CAST(67097.00 AS Decimal(18, 2)), 5, CAST(67097.00 AS Decimal(18, 2)), N'15987/00047257', 12, 37, CAST(1.00 AS Decimal(18, 2)), 1)
INSERT [dbo].[InvoiceDetails] ([Id], [CreatedBy], [ModifiedBy], [CreatedDate], [ModifiedDate], [Status], [BussinessId], [InvoiceId], [ProductId], [SellingPrice], [Quantity], [TotalPrice], [PropertyId], [BuyingPrice], [ProductSerial], [Warranty], [StockIn], [ConversionRate], [Currency]) VALUES (74, 0, 0, CAST(N'2017-10-04 00:00:00.000' AS DateTime), CAST(N'2017-10-04 00:00:00.000' AS DateTime), 1, 0, 10, 28, CAST(0.00 AS Decimal(18, 2)), CAST(1.00 AS Decimal(18, 2)), CAST(67097.00 AS Decimal(18, 2)), 5, CAST(67097.00 AS Decimal(18, 2)), N'15987/00045935', 12, 37, CAST(1.00 AS Decimal(18, 2)), 1)
INSERT [dbo].[InvoiceDetails] ([Id], [CreatedBy], [ModifiedBy], [CreatedDate], [ModifiedDate], [Status], [BussinessId], [InvoiceId], [ProductId], [SellingPrice], [Quantity], [TotalPrice], [PropertyId], [BuyingPrice], [ProductSerial], [Warranty], [StockIn], [ConversionRate], [Currency]) VALUES (75, 0, 0, CAST(N'2017-10-04 00:00:00.000' AS DateTime), CAST(N'2017-10-04 00:00:00.000' AS DateTime), 1, 0, 10, 28, CAST(0.00 AS Decimal(18, 2)), CAST(1.00 AS Decimal(18, 2)), CAST(67097.00 AS Decimal(18, 2)), 5, CAST(67097.00 AS Decimal(18, 2)), N'15987/00045876', 12, 37, CAST(1.00 AS Decimal(18, 2)), 1)
INSERT [dbo].[InvoiceDetails] ([Id], [CreatedBy], [ModifiedBy], [CreatedDate], [ModifiedDate], [Status], [BussinessId], [InvoiceId], [ProductId], [SellingPrice], [Quantity], [TotalPrice], [PropertyId], [BuyingPrice], [ProductSerial], [Warranty], [StockIn], [ConversionRate], [Currency]) VALUES (76, 0, 0, CAST(N'2017-10-04 00:00:00.000' AS DateTime), CAST(N'2017-10-04 00:00:00.000' AS DateTime), 1, 0, 10, 28, CAST(0.00 AS Decimal(18, 2)), CAST(1.00 AS Decimal(18, 2)), CAST(67097.00 AS Decimal(18, 2)), 5, CAST(67097.00 AS Decimal(18, 2)), N'15987/00045800', 12, 37, CAST(1.00 AS Decimal(18, 2)), 1)
INSERT [dbo].[InvoiceDetails] ([Id], [CreatedBy], [ModifiedBy], [CreatedDate], [ModifiedDate], [Status], [BussinessId], [InvoiceId], [ProductId], [SellingPrice], [Quantity], [TotalPrice], [PropertyId], [BuyingPrice], [ProductSerial], [Warranty], [StockIn], [ConversionRate], [Currency]) VALUES (77, 0, 0, CAST(N'2017-10-04 00:00:00.000' AS DateTime), CAST(N'2017-10-04 00:00:00.000' AS DateTime), 1, 0, 10, 28, CAST(0.00 AS Decimal(18, 2)), CAST(1.00 AS Decimal(18, 2)), CAST(67097.00 AS Decimal(18, 2)), 5, CAST(67097.00 AS Decimal(18, 2)), N'15987/00045797', 12, 37, CAST(1.00 AS Decimal(18, 2)), 1)
INSERT [dbo].[InvoiceDetails] ([Id], [CreatedBy], [ModifiedBy], [CreatedDate], [ModifiedDate], [Status], [BussinessId], [InvoiceId], [ProductId], [SellingPrice], [Quantity], [TotalPrice], [PropertyId], [BuyingPrice], [ProductSerial], [Warranty], [StockIn], [ConversionRate], [Currency]) VALUES (78, 0, 0, CAST(N'2017-10-04 00:00:00.000' AS DateTime), CAST(N'2017-10-04 00:00:00.000' AS DateTime), 1, 0, 10, 28, CAST(0.00 AS Decimal(18, 2)), CAST(1.00 AS Decimal(18, 2)), CAST(67097.00 AS Decimal(18, 2)), 5, CAST(67097.00 AS Decimal(18, 2)), N'15987/00045813', 12, 37, CAST(1.00 AS Decimal(18, 2)), 1)
INSERT [dbo].[InvoiceDetails] ([Id], [CreatedBy], [ModifiedBy], [CreatedDate], [ModifiedDate], [Status], [BussinessId], [InvoiceId], [ProductId], [SellingPrice], [Quantity], [TotalPrice], [PropertyId], [BuyingPrice], [ProductSerial], [Warranty], [StockIn], [ConversionRate], [Currency]) VALUES (79, 0, 0, CAST(N'2017-10-04 00:00:00.000' AS DateTime), CAST(N'2017-10-04 00:00:00.000' AS DateTime), 1, 0, 10, 28, CAST(0.00 AS Decimal(18, 2)), CAST(1.00 AS Decimal(18, 2)), CAST(67097.00 AS Decimal(18, 2)), 5, CAST(67097.00 AS Decimal(18, 2)), N'15987/00045809', 12, 37, CAST(1.00 AS Decimal(18, 2)), 1)
INSERT [dbo].[InvoiceDetails] ([Id], [CreatedBy], [ModifiedBy], [CreatedDate], [ModifiedDate], [Status], [BussinessId], [InvoiceId], [ProductId], [SellingPrice], [Quantity], [TotalPrice], [PropertyId], [BuyingPrice], [ProductSerial], [Warranty], [StockIn], [ConversionRate], [Currency]) VALUES (80, 0, 0, CAST(N'2017-10-04 00:00:00.000' AS DateTime), CAST(N'2017-10-04 00:00:00.000' AS DateTime), 1, 0, 10, 28, CAST(0.00 AS Decimal(18, 2)), CAST(1.00 AS Decimal(18, 2)), CAST(67097.00 AS Decimal(18, 2)), 5, CAST(67097.00 AS Decimal(18, 2)), N'15987/00047633', 12, 37, CAST(1.00 AS Decimal(18, 2)), 1)
INSERT [dbo].[InvoiceDetails] ([Id], [CreatedBy], [ModifiedBy], [CreatedDate], [ModifiedDate], [Status], [BussinessId], [InvoiceId], [ProductId], [SellingPrice], [Quantity], [TotalPrice], [PropertyId], [BuyingPrice], [ProductSerial], [Warranty], [StockIn], [ConversionRate], [Currency]) VALUES (81, 0, 0, CAST(N'2017-10-04 00:00:00.000' AS DateTime), CAST(N'2017-10-04 00:00:00.000' AS DateTime), 1, 0, 10, 28, CAST(0.00 AS Decimal(18, 2)), CAST(1.00 AS Decimal(18, 2)), CAST(67097.00 AS Decimal(18, 2)), 5, CAST(67097.00 AS Decimal(18, 2)), N'15987/00047482', 12, 37, CAST(1.00 AS Decimal(18, 2)), 1)
INSERT [dbo].[InvoiceDetails] ([Id], [CreatedBy], [ModifiedBy], [CreatedDate], [ModifiedDate], [Status], [BussinessId], [InvoiceId], [ProductId], [SellingPrice], [Quantity], [TotalPrice], [PropertyId], [BuyingPrice], [ProductSerial], [Warranty], [StockIn], [ConversionRate], [Currency]) VALUES (82, 0, 0, CAST(N'2017-10-04 00:00:00.000' AS DateTime), CAST(N'2017-10-04 00:00:00.000' AS DateTime), 1, 0, 10, 28, CAST(0.00 AS Decimal(18, 2)), CAST(1.00 AS Decimal(18, 2)), CAST(67097.00 AS Decimal(18, 2)), 5, CAST(67097.00 AS Decimal(18, 2)), N'15987/00045964', 12, 37, CAST(1.00 AS Decimal(18, 2)), 1)
INSERT [dbo].[InvoiceDetails] ([Id], [CreatedBy], [ModifiedBy], [CreatedDate], [ModifiedDate], [Status], [BussinessId], [InvoiceId], [ProductId], [SellingPrice], [Quantity], [TotalPrice], [PropertyId], [BuyingPrice], [ProductSerial], [Warranty], [StockIn], [ConversionRate], [Currency]) VALUES (83, 0, 0, CAST(N'2017-10-04 00:00:00.000' AS DateTime), CAST(N'2017-10-04 00:00:00.000' AS DateTime), 1, 0, 10, 28, CAST(0.00 AS Decimal(18, 2)), CAST(1.00 AS Decimal(18, 2)), CAST(67097.00 AS Decimal(18, 2)), 5, CAST(67097.00 AS Decimal(18, 2)), N'15987/00046100', 12, 37, CAST(1.00 AS Decimal(18, 2)), 1)
INSERT [dbo].[InvoiceDetails] ([Id], [CreatedBy], [ModifiedBy], [CreatedDate], [ModifiedDate], [Status], [BussinessId], [InvoiceId], [ProductId], [SellingPrice], [Quantity], [TotalPrice], [PropertyId], [BuyingPrice], [ProductSerial], [Warranty], [StockIn], [ConversionRate], [Currency]) VALUES (84, 0, 0, CAST(N'2017-10-04 00:00:00.000' AS DateTime), CAST(N'2017-10-04 00:00:00.000' AS DateTime), 1, 0, 10, 28, CAST(0.00 AS Decimal(18, 2)), CAST(1.00 AS Decimal(18, 2)), CAST(67097.00 AS Decimal(18, 2)), 5, CAST(67097.00 AS Decimal(18, 2)), N'15987/00045908', 12, 37, CAST(1.00 AS Decimal(18, 2)), 1)
INSERT [dbo].[InvoiceDetails] ([Id], [CreatedBy], [ModifiedBy], [CreatedDate], [ModifiedDate], [Status], [BussinessId], [InvoiceId], [ProductId], [SellingPrice], [Quantity], [TotalPrice], [PropertyId], [BuyingPrice], [ProductSerial], [Warranty], [StockIn], [ConversionRate], [Currency]) VALUES (85, 0, 0, CAST(N'2017-10-04 00:00:00.000' AS DateTime), CAST(N'2017-10-04 00:00:00.000' AS DateTime), 1, 0, 10, 28, CAST(0.00 AS Decimal(18, 2)), CAST(1.00 AS Decimal(18, 2)), CAST(67097.00 AS Decimal(18, 2)), 5, CAST(67097.00 AS Decimal(18, 2)), N'15987/00045929', 12, 37, CAST(1.00 AS Decimal(18, 2)), 1)
INSERT [dbo].[InvoiceDetails] ([Id], [CreatedBy], [ModifiedBy], [CreatedDate], [ModifiedDate], [Status], [BussinessId], [InvoiceId], [ProductId], [SellingPrice], [Quantity], [TotalPrice], [PropertyId], [BuyingPrice], [ProductSerial], [Warranty], [StockIn], [ConversionRate], [Currency]) VALUES (86, 0, 0, CAST(N'2017-10-04 00:00:00.000' AS DateTime), CAST(N'2017-10-04 00:00:00.000' AS DateTime), 1, 0, 10, 28, CAST(0.00 AS Decimal(18, 2)), CAST(1.00 AS Decimal(18, 2)), CAST(67097.00 AS Decimal(18, 2)), 5, CAST(67097.00 AS Decimal(18, 2)), N'15987/00045946', 12, 37, CAST(1.00 AS Decimal(18, 2)), 1)
INSERT [dbo].[InvoiceDetails] ([Id], [CreatedBy], [ModifiedBy], [CreatedDate], [ModifiedDate], [Status], [BussinessId], [InvoiceId], [ProductId], [SellingPrice], [Quantity], [TotalPrice], [PropertyId], [BuyingPrice], [ProductSerial], [Warranty], [StockIn], [ConversionRate], [Currency]) VALUES (87, 0, 0, CAST(N'2017-10-04 00:00:00.000' AS DateTime), CAST(N'2017-10-04 00:00:00.000' AS DateTime), 1, 0, 10, 28, CAST(0.00 AS Decimal(18, 2)), CAST(1.00 AS Decimal(18, 2)), CAST(67097.00 AS Decimal(18, 2)), 5, CAST(67097.00 AS Decimal(18, 2)), N'15987/00047571', 12, 37, CAST(1.00 AS Decimal(18, 2)), 1)
INSERT [dbo].[InvoiceDetails] ([Id], [CreatedBy], [ModifiedBy], [CreatedDate], [ModifiedDate], [Status], [BussinessId], [InvoiceId], [ProductId], [SellingPrice], [Quantity], [TotalPrice], [PropertyId], [BuyingPrice], [ProductSerial], [Warranty], [StockIn], [ConversionRate], [Currency]) VALUES (88, 0, 0, CAST(N'2017-10-04 00:00:00.000' AS DateTime), CAST(N'2017-10-04 00:00:00.000' AS DateTime), 1, 0, 10, 28, CAST(0.00 AS Decimal(18, 2)), CAST(1.00 AS Decimal(18, 2)), CAST(67097.00 AS Decimal(18, 2)), 5, CAST(67097.00 AS Decimal(18, 2)), N'15987/00045785', 12, 37, CAST(1.00 AS Decimal(18, 2)), 1)
INSERT [dbo].[InvoiceDetails] ([Id], [CreatedBy], [ModifiedBy], [CreatedDate], [ModifiedDate], [Status], [BussinessId], [InvoiceId], [ProductId], [SellingPrice], [Quantity], [TotalPrice], [PropertyId], [BuyingPrice], [ProductSerial], [Warranty], [StockIn], [ConversionRate], [Currency]) VALUES (89, 0, 0, CAST(N'2017-10-04 00:00:00.000' AS DateTime), CAST(N'2017-10-04 00:00:00.000' AS DateTime), 1, 0, 10, 28, CAST(0.00 AS Decimal(18, 2)), CAST(1.00 AS Decimal(18, 2)), CAST(67097.00 AS Decimal(18, 2)), 5, CAST(67097.00 AS Decimal(18, 2)), N'15987/00046963', 12, 37, CAST(1.00 AS Decimal(18, 2)), 1)
INSERT [dbo].[InvoiceDetails] ([Id], [CreatedBy], [ModifiedBy], [CreatedDate], [ModifiedDate], [Status], [BussinessId], [InvoiceId], [ProductId], [SellingPrice], [Quantity], [TotalPrice], [PropertyId], [BuyingPrice], [ProductSerial], [Warranty], [StockIn], [ConversionRate], [Currency]) VALUES (90, 0, 0, CAST(N'2017-10-04 00:00:00.000' AS DateTime), CAST(N'2017-10-04 00:00:00.000' AS DateTime), 1, 0, 10, 28, CAST(0.00 AS Decimal(18, 2)), CAST(1.00 AS Decimal(18, 2)), CAST(67097.00 AS Decimal(18, 2)), 5, CAST(67097.00 AS Decimal(18, 2)), N'15987/00044007', 12, 37, CAST(1.00 AS Decimal(18, 2)), 1)
INSERT [dbo].[InvoiceDetails] ([Id], [CreatedBy], [ModifiedBy], [CreatedDate], [ModifiedDate], [Status], [BussinessId], [InvoiceId], [ProductId], [SellingPrice], [Quantity], [TotalPrice], [PropertyId], [BuyingPrice], [ProductSerial], [Warranty], [StockIn], [ConversionRate], [Currency]) VALUES (91, 0, 0, CAST(N'2017-10-04 00:00:00.000' AS DateTime), CAST(N'2017-10-04 00:00:00.000' AS DateTime), 1, 0, 10, 28, CAST(0.00 AS Decimal(18, 2)), CAST(1.00 AS Decimal(18, 2)), CAST(67097.00 AS Decimal(18, 2)), 5, CAST(67097.00 AS Decimal(18, 2)), N'15987/00045867', 12, 37, CAST(1.00 AS Decimal(18, 2)), 1)
INSERT [dbo].[InvoiceDetails] ([Id], [CreatedBy], [ModifiedBy], [CreatedDate], [ModifiedDate], [Status], [BussinessId], [InvoiceId], [ProductId], [SellingPrice], [Quantity], [TotalPrice], [PropertyId], [BuyingPrice], [ProductSerial], [Warranty], [StockIn], [ConversionRate], [Currency]) VALUES (92, 0, 0, CAST(N'2017-10-04 00:00:00.000' AS DateTime), CAST(N'2017-10-04 00:00:00.000' AS DateTime), 1, 0, 10, 28, CAST(0.00 AS Decimal(18, 2)), CAST(1.00 AS Decimal(18, 2)), CAST(67097.00 AS Decimal(18, 2)), 5, CAST(67097.00 AS Decimal(18, 2)), N'15987/00045782', 12, 37, CAST(1.00 AS Decimal(18, 2)), 1)
INSERT [dbo].[InvoiceDetails] ([Id], [CreatedBy], [ModifiedBy], [CreatedDate], [ModifiedDate], [Status], [BussinessId], [InvoiceId], [ProductId], [SellingPrice], [Quantity], [TotalPrice], [PropertyId], [BuyingPrice], [ProductSerial], [Warranty], [StockIn], [ConversionRate], [Currency]) VALUES (93, 0, 0, CAST(N'2017-10-04 00:00:00.000' AS DateTime), CAST(N'2017-10-04 00:00:00.000' AS DateTime), 1, 0, 10, 28, CAST(0.00 AS Decimal(18, 2)), CAST(1.00 AS Decimal(18, 2)), CAST(67097.00 AS Decimal(18, 2)), 5, CAST(67097.00 AS Decimal(18, 2)), N'15987/00045855', 12, 37, CAST(1.00 AS Decimal(18, 2)), 1)
INSERT [dbo].[InvoiceDetails] ([Id], [CreatedBy], [ModifiedBy], [CreatedDate], [ModifiedDate], [Status], [BussinessId], [InvoiceId], [ProductId], [SellingPrice], [Quantity], [TotalPrice], [PropertyId], [BuyingPrice], [ProductSerial], [Warranty], [StockIn], [ConversionRate], [Currency]) VALUES (94, 0, 0, CAST(N'2017-10-04 00:00:00.000' AS DateTime), CAST(N'2017-10-04 00:00:00.000' AS DateTime), 1, 0, 10, 28, CAST(0.00 AS Decimal(18, 2)), CAST(1.00 AS Decimal(18, 2)), CAST(67097.00 AS Decimal(18, 2)), 5, CAST(67097.00 AS Decimal(18, 2)), N'15987/00045989', 12, 37, CAST(1.00 AS Decimal(18, 2)), 1)
INSERT [dbo].[InvoiceDetails] ([Id], [CreatedBy], [ModifiedBy], [CreatedDate], [ModifiedDate], [Status], [BussinessId], [InvoiceId], [ProductId], [SellingPrice], [Quantity], [TotalPrice], [PropertyId], [BuyingPrice], [ProductSerial], [Warranty], [StockIn], [ConversionRate], [Currency]) VALUES (95, 0, 0, CAST(N'2017-10-04 00:00:00.000' AS DateTime), CAST(N'2017-10-04 00:00:00.000' AS DateTime), 1, 0, 10, 28, CAST(0.00 AS Decimal(18, 2)), CAST(1.00 AS Decimal(18, 2)), CAST(67097.00 AS Decimal(18, 2)), 5, CAST(67097.00 AS Decimal(18, 2)), N'15987/00047291', 12, 37, CAST(1.00 AS Decimal(18, 2)), 1)
INSERT [dbo].[InvoiceDetails] ([Id], [CreatedBy], [ModifiedBy], [CreatedDate], [ModifiedDate], [Status], [BussinessId], [InvoiceId], [ProductId], [SellingPrice], [Quantity], [TotalPrice], [PropertyId], [BuyingPrice], [ProductSerial], [Warranty], [StockIn], [ConversionRate], [Currency]) VALUES (96, 0, 0, CAST(N'2017-10-04 00:00:00.000' AS DateTime), CAST(N'2017-10-04 00:00:00.000' AS DateTime), 1, 0, 10, 28, CAST(0.00 AS Decimal(18, 2)), CAST(1.00 AS Decimal(18, 2)), CAST(67097.00 AS Decimal(18, 2)), 5, CAST(67097.00 AS Decimal(18, 2)), N'15987/00045969', 12, 37, CAST(1.00 AS Decimal(18, 2)), 1)
INSERT [dbo].[InvoiceDetails] ([Id], [CreatedBy], [ModifiedBy], [CreatedDate], [ModifiedDate], [Status], [BussinessId], [InvoiceId], [ProductId], [SellingPrice], [Quantity], [TotalPrice], [PropertyId], [BuyingPrice], [ProductSerial], [Warranty], [StockIn], [ConversionRate], [Currency]) VALUES (97, 0, 0, CAST(N'2017-10-04 00:00:00.000' AS DateTime), CAST(N'2017-10-04 00:00:00.000' AS DateTime), 1, 0, 10, 28, CAST(0.00 AS Decimal(18, 2)), CAST(1.00 AS Decimal(18, 2)), CAST(67097.00 AS Decimal(18, 2)), 5, CAST(67097.00 AS Decimal(18, 2)), N'15987/00045966', 12, 37, CAST(1.00 AS Decimal(18, 2)), 1)
INSERT [dbo].[InvoiceDetails] ([Id], [CreatedBy], [ModifiedBy], [CreatedDate], [ModifiedDate], [Status], [BussinessId], [InvoiceId], [ProductId], [SellingPrice], [Quantity], [TotalPrice], [PropertyId], [BuyingPrice], [ProductSerial], [Warranty], [StockIn], [ConversionRate], [Currency]) VALUES (98, 0, 0, CAST(N'2017-10-04 00:00:00.000' AS DateTime), CAST(N'2017-10-04 00:00:00.000' AS DateTime), 1, 0, 10, 28, CAST(0.00 AS Decimal(18, 2)), CAST(1.00 AS Decimal(18, 2)), CAST(67097.00 AS Decimal(18, 2)), 5, CAST(67097.00 AS Decimal(18, 2)), N'15987/00045971', 12, 37, CAST(1.00 AS Decimal(18, 2)), 1)
INSERT [dbo].[InvoiceDetails] ([Id], [CreatedBy], [ModifiedBy], [CreatedDate], [ModifiedDate], [Status], [BussinessId], [InvoiceId], [ProductId], [SellingPrice], [Quantity], [TotalPrice], [PropertyId], [BuyingPrice], [ProductSerial], [Warranty], [StockIn], [ConversionRate], [Currency]) VALUES (99, 0, 0, CAST(N'2017-10-04 00:00:00.000' AS DateTime), CAST(N'2017-10-04 00:00:00.000' AS DateTime), 1, 0, 10, 28, CAST(0.00 AS Decimal(18, 2)), CAST(1.00 AS Decimal(18, 2)), CAST(67097.00 AS Decimal(18, 2)), 5, CAST(67097.00 AS Decimal(18, 2)), N'15987/00045820', 12, 37, CAST(1.00 AS Decimal(18, 2)), 1)
GO
INSERT [dbo].[InvoiceDetails] ([Id], [CreatedBy], [ModifiedBy], [CreatedDate], [ModifiedDate], [Status], [BussinessId], [InvoiceId], [ProductId], [SellingPrice], [Quantity], [TotalPrice], [PropertyId], [BuyingPrice], [ProductSerial], [Warranty], [StockIn], [ConversionRate], [Currency]) VALUES (100, 0, 0, CAST(N'2017-10-04 00:00:00.000' AS DateTime), CAST(N'2017-10-04 00:00:00.000' AS DateTime), 1, 0, 10, 28, CAST(0.00 AS Decimal(18, 2)), CAST(1.00 AS Decimal(18, 2)), CAST(67097.00 AS Decimal(18, 2)), 5, CAST(67097.00 AS Decimal(18, 2)), N'15987/00045874', 12, 37, CAST(1.00 AS Decimal(18, 2)), 1)
INSERT [dbo].[InvoiceDetails] ([Id], [CreatedBy], [ModifiedBy], [CreatedDate], [ModifiedDate], [Status], [BussinessId], [InvoiceId], [ProductId], [SellingPrice], [Quantity], [TotalPrice], [PropertyId], [BuyingPrice], [ProductSerial], [Warranty], [StockIn], [ConversionRate], [Currency]) VALUES (101, 0, 0, CAST(N'2017-10-04 00:00:00.000' AS DateTime), CAST(N'2017-10-04 00:00:00.000' AS DateTime), 1, 0, 10, 28, CAST(0.00 AS Decimal(18, 2)), CAST(1.00 AS Decimal(18, 2)), CAST(67097.00 AS Decimal(18, 2)), 5, CAST(67097.00 AS Decimal(18, 2)), N'15987/00045828', 12, 37, CAST(1.00 AS Decimal(18, 2)), 1)
INSERT [dbo].[InvoiceDetails] ([Id], [CreatedBy], [ModifiedBy], [CreatedDate], [ModifiedDate], [Status], [BussinessId], [InvoiceId], [ProductId], [SellingPrice], [Quantity], [TotalPrice], [PropertyId], [BuyingPrice], [ProductSerial], [Warranty], [StockIn], [ConversionRate], [Currency]) VALUES (102, 0, 0, CAST(N'2017-10-04 00:00:00.000' AS DateTime), CAST(N'2017-10-04 00:00:00.000' AS DateTime), 1, 0, 10, 28, CAST(0.00 AS Decimal(18, 2)), CAST(1.00 AS Decimal(18, 2)), CAST(67097.00 AS Decimal(18, 2)), 5, CAST(67097.00 AS Decimal(18, 2)), N'15987/00045976', 12, 37, CAST(1.00 AS Decimal(18, 2)), 1)
INSERT [dbo].[InvoiceDetails] ([Id], [CreatedBy], [ModifiedBy], [CreatedDate], [ModifiedDate], [Status], [BussinessId], [InvoiceId], [ProductId], [SellingPrice], [Quantity], [TotalPrice], [PropertyId], [BuyingPrice], [ProductSerial], [Warranty], [StockIn], [ConversionRate], [Currency]) VALUES (103, 0, 0, CAST(N'2017-10-04 00:00:00.000' AS DateTime), CAST(N'2017-10-04 00:00:00.000' AS DateTime), 1, 0, 10, 28, CAST(0.00 AS Decimal(18, 2)), CAST(1.00 AS Decimal(18, 2)), CAST(67097.00 AS Decimal(18, 2)), 5, CAST(67097.00 AS Decimal(18, 2)), N'15987/00045921', 12, 37, CAST(1.00 AS Decimal(18, 2)), 1)
INSERT [dbo].[InvoiceDetails] ([Id], [CreatedBy], [ModifiedBy], [CreatedDate], [ModifiedDate], [Status], [BussinessId], [InvoiceId], [ProductId], [SellingPrice], [Quantity], [TotalPrice], [PropertyId], [BuyingPrice], [ProductSerial], [Warranty], [StockIn], [ConversionRate], [Currency]) VALUES (104, 0, 0, CAST(N'2017-10-04 00:00:00.000' AS DateTime), CAST(N'2017-10-04 00:00:00.000' AS DateTime), 1, 0, 10, 28, CAST(0.00 AS Decimal(18, 2)), CAST(1.00 AS Decimal(18, 2)), CAST(67097.00 AS Decimal(18, 2)), 5, CAST(67097.00 AS Decimal(18, 2)), N'15987/00046057', 12, 37, CAST(1.00 AS Decimal(18, 2)), 1)
INSERT [dbo].[InvoiceDetails] ([Id], [CreatedBy], [ModifiedBy], [CreatedDate], [ModifiedDate], [Status], [BussinessId], [InvoiceId], [ProductId], [SellingPrice], [Quantity], [TotalPrice], [PropertyId], [BuyingPrice], [ProductSerial], [Warranty], [StockIn], [ConversionRate], [Currency]) VALUES (105, 0, 0, CAST(N'2017-10-04 00:00:00.000' AS DateTime), CAST(N'2017-10-04 00:00:00.000' AS DateTime), 1, 0, 10, 28, CAST(0.00 AS Decimal(18, 2)), CAST(1.00 AS Decimal(18, 2)), CAST(67097.00 AS Decimal(18, 2)), 5, CAST(67097.00 AS Decimal(18, 2)), N'15987/00047006', 12, 37, CAST(1.00 AS Decimal(18, 2)), 1)
INSERT [dbo].[InvoiceDetails] ([Id], [CreatedBy], [ModifiedBy], [CreatedDate], [ModifiedDate], [Status], [BussinessId], [InvoiceId], [ProductId], [SellingPrice], [Quantity], [TotalPrice], [PropertyId], [BuyingPrice], [ProductSerial], [Warranty], [StockIn], [ConversionRate], [Currency]) VALUES (106, 0, 0, CAST(N'2017-10-04 00:00:00.000' AS DateTime), CAST(N'2017-10-04 00:00:00.000' AS DateTime), 1, 0, 10, 28, CAST(0.00 AS Decimal(18, 2)), CAST(1.00 AS Decimal(18, 2)), CAST(67097.00 AS Decimal(18, 2)), 5, CAST(67097.00 AS Decimal(18, 2)), N'15987/00045923', 12, 37, CAST(1.00 AS Decimal(18, 2)), 1)
INSERT [dbo].[InvoiceDetails] ([Id], [CreatedBy], [ModifiedBy], [CreatedDate], [ModifiedDate], [Status], [BussinessId], [InvoiceId], [ProductId], [SellingPrice], [Quantity], [TotalPrice], [PropertyId], [BuyingPrice], [ProductSerial], [Warranty], [StockIn], [ConversionRate], [Currency]) VALUES (107, 0, 0, CAST(N'2017-10-04 00:00:00.000' AS DateTime), CAST(N'2017-10-04 00:00:00.000' AS DateTime), 1, 0, 10, 28, CAST(0.00 AS Decimal(18, 2)), CAST(1.00 AS Decimal(18, 2)), CAST(67097.00 AS Decimal(18, 2)), 5, CAST(67097.00 AS Decimal(18, 2)), N'15987/00047448', 12, 37, CAST(1.00 AS Decimal(18, 2)), 1)
INSERT [dbo].[InvoiceDetails] ([Id], [CreatedBy], [ModifiedBy], [CreatedDate], [ModifiedDate], [Status], [BussinessId], [InvoiceId], [ProductId], [SellingPrice], [Quantity], [TotalPrice], [PropertyId], [BuyingPrice], [ProductSerial], [Warranty], [StockIn], [ConversionRate], [Currency]) VALUES (108, 0, 0, CAST(N'2017-10-04 00:00:00.000' AS DateTime), CAST(N'2017-10-04 00:00:00.000' AS DateTime), 1, 0, 10, 28, CAST(0.00 AS Decimal(18, 2)), CAST(1.00 AS Decimal(18, 2)), CAST(67097.00 AS Decimal(18, 2)), 5, CAST(67097.00 AS Decimal(18, 2)), N'15987/00045927', 12, 37, CAST(1.00 AS Decimal(18, 2)), 1)
INSERT [dbo].[InvoiceDetails] ([Id], [CreatedBy], [ModifiedBy], [CreatedDate], [ModifiedDate], [Status], [BussinessId], [InvoiceId], [ProductId], [SellingPrice], [Quantity], [TotalPrice], [PropertyId], [BuyingPrice], [ProductSerial], [Warranty], [StockIn], [ConversionRate], [Currency]) VALUES (109, 0, 0, CAST(N'2017-10-04 00:00:00.000' AS DateTime), CAST(N'2017-10-04 00:00:00.000' AS DateTime), 1, 0, 10, 28, CAST(0.00 AS Decimal(18, 2)), CAST(1.00 AS Decimal(18, 2)), CAST(67097.00 AS Decimal(18, 2)), 5, CAST(67097.00 AS Decimal(18, 2)), N'15987/00045913', 12, 37, CAST(1.00 AS Decimal(18, 2)), 1)
INSERT [dbo].[InvoiceDetails] ([Id], [CreatedBy], [ModifiedBy], [CreatedDate], [ModifiedDate], [Status], [BussinessId], [InvoiceId], [ProductId], [SellingPrice], [Quantity], [TotalPrice], [PropertyId], [BuyingPrice], [ProductSerial], [Warranty], [StockIn], [ConversionRate], [Currency]) VALUES (110, 0, 0, CAST(N'2017-10-04 00:00:00.000' AS DateTime), CAST(N'2017-10-04 00:00:00.000' AS DateTime), 1, 0, 10, 28, CAST(0.00 AS Decimal(18, 2)), CAST(1.00 AS Decimal(18, 2)), CAST(67097.00 AS Decimal(18, 2)), 5, CAST(67097.00 AS Decimal(18, 2)), N'15987/00045919', 12, 37, CAST(1.00 AS Decimal(18, 2)), 1)
INSERT [dbo].[InvoiceDetails] ([Id], [CreatedBy], [ModifiedBy], [CreatedDate], [ModifiedDate], [Status], [BussinessId], [InvoiceId], [ProductId], [SellingPrice], [Quantity], [TotalPrice], [PropertyId], [BuyingPrice], [ProductSerial], [Warranty], [StockIn], [ConversionRate], [Currency]) VALUES (111, 0, 0, CAST(N'2017-10-04 00:00:00.000' AS DateTime), CAST(N'2017-10-04 00:00:00.000' AS DateTime), 1, 0, 10, 28, CAST(0.00 AS Decimal(18, 2)), CAST(1.00 AS Decimal(18, 2)), CAST(67097.00 AS Decimal(18, 2)), 5, CAST(67097.00 AS Decimal(18, 2)), N'15987/00045904', 12, 37, CAST(1.00 AS Decimal(18, 2)), 1)
INSERT [dbo].[InvoiceDetails] ([Id], [CreatedBy], [ModifiedBy], [CreatedDate], [ModifiedDate], [Status], [BussinessId], [InvoiceId], [ProductId], [SellingPrice], [Quantity], [TotalPrice], [PropertyId], [BuyingPrice], [ProductSerial], [Warranty], [StockIn], [ConversionRate], [Currency]) VALUES (112, 0, 0, CAST(N'2017-10-04 00:00:00.000' AS DateTime), CAST(N'2017-10-04 00:00:00.000' AS DateTime), 1, 0, 10, 28, CAST(0.00 AS Decimal(18, 2)), CAST(1.00 AS Decimal(18, 2)), CAST(67097.00 AS Decimal(18, 2)), 5, CAST(67097.00 AS Decimal(18, 2)), N'15987/00047653', 12, 37, CAST(1.00 AS Decimal(18, 2)), 1)
INSERT [dbo].[InvoiceDetails] ([Id], [CreatedBy], [ModifiedBy], [CreatedDate], [ModifiedDate], [Status], [BussinessId], [InvoiceId], [ProductId], [SellingPrice], [Quantity], [TotalPrice], [PropertyId], [BuyingPrice], [ProductSerial], [Warranty], [StockIn], [ConversionRate], [Currency]) VALUES (113, 0, 0, CAST(N'2017-10-04 00:00:00.000' AS DateTime), CAST(N'2017-10-04 00:00:00.000' AS DateTime), 1, 0, 11, 27, CAST(0.00 AS Decimal(18, 2)), CAST(1.00 AS Decimal(18, 2)), CAST(42130.00 AS Decimal(18, 2)), 5, CAST(42130.00 AS Decimal(18, 2)), N'15671/00017041', 12, 37, CAST(1.00 AS Decimal(18, 2)), 1)
INSERT [dbo].[InvoiceDetails] ([Id], [CreatedBy], [ModifiedBy], [CreatedDate], [ModifiedDate], [Status], [BussinessId], [InvoiceId], [ProductId], [SellingPrice], [Quantity], [TotalPrice], [PropertyId], [BuyingPrice], [ProductSerial], [Warranty], [StockIn], [ConversionRate], [Currency]) VALUES (114, 0, 0, CAST(N'2017-10-04 00:00:00.000' AS DateTime), CAST(N'2017-10-04 00:00:00.000' AS DateTime), 1, 0, 11, 27, CAST(0.00 AS Decimal(18, 2)), CAST(1.00 AS Decimal(18, 2)), CAST(42130.00 AS Decimal(18, 2)), 5, CAST(42130.00 AS Decimal(18, 2)), N'15671/00016340', 12, 37, CAST(1.00 AS Decimal(18, 2)), 1)
INSERT [dbo].[InvoiceDetails] ([Id], [CreatedBy], [ModifiedBy], [CreatedDate], [ModifiedDate], [Status], [BussinessId], [InvoiceId], [ProductId], [SellingPrice], [Quantity], [TotalPrice], [PropertyId], [BuyingPrice], [ProductSerial], [Warranty], [StockIn], [ConversionRate], [Currency]) VALUES (115, 0, 0, CAST(N'2017-10-04 00:00:00.000' AS DateTime), CAST(N'2017-10-04 00:00:00.000' AS DateTime), 1, 0, 11, 27, CAST(0.00 AS Decimal(18, 2)), CAST(1.00 AS Decimal(18, 2)), CAST(42130.00 AS Decimal(18, 2)), 5, CAST(42130.00 AS Decimal(18, 2)), N'15671/00015860', 12, 37, CAST(1.00 AS Decimal(18, 2)), 1)
INSERT [dbo].[InvoiceDetails] ([Id], [CreatedBy], [ModifiedBy], [CreatedDate], [ModifiedDate], [Status], [BussinessId], [InvoiceId], [ProductId], [SellingPrice], [Quantity], [TotalPrice], [PropertyId], [BuyingPrice], [ProductSerial], [Warranty], [StockIn], [ConversionRate], [Currency]) VALUES (116, 0, 0, CAST(N'2017-10-04 00:00:00.000' AS DateTime), CAST(N'2017-10-04 00:00:00.000' AS DateTime), 1, 0, 11, 27, CAST(0.00 AS Decimal(18, 2)), CAST(1.00 AS Decimal(18, 2)), CAST(42130.00 AS Decimal(18, 2)), 5, CAST(42130.00 AS Decimal(18, 2)), N'15671/00017741', 12, 37, CAST(1.00 AS Decimal(18, 2)), 1)
INSERT [dbo].[InvoiceDetails] ([Id], [CreatedBy], [ModifiedBy], [CreatedDate], [ModifiedDate], [Status], [BussinessId], [InvoiceId], [ProductId], [SellingPrice], [Quantity], [TotalPrice], [PropertyId], [BuyingPrice], [ProductSerial], [Warranty], [StockIn], [ConversionRate], [Currency]) VALUES (117, 0, 0, CAST(N'2017-10-04 00:00:00.000' AS DateTime), CAST(N'2017-10-04 00:00:00.000' AS DateTime), 1, 0, 11, 27, CAST(0.00 AS Decimal(18, 2)), CAST(1.00 AS Decimal(18, 2)), CAST(42130.00 AS Decimal(18, 2)), 5, CAST(42130.00 AS Decimal(18, 2)), N'15671/00016314', 12, 37, CAST(1.00 AS Decimal(18, 2)), 1)
INSERT [dbo].[InvoiceDetails] ([Id], [CreatedBy], [ModifiedBy], [CreatedDate], [ModifiedDate], [Status], [BussinessId], [InvoiceId], [ProductId], [SellingPrice], [Quantity], [TotalPrice], [PropertyId], [BuyingPrice], [ProductSerial], [Warranty], [StockIn], [ConversionRate], [Currency]) VALUES (118, 0, 0, CAST(N'2017-10-04 00:00:00.000' AS DateTime), CAST(N'2017-10-04 00:00:00.000' AS DateTime), 1, 0, 11, 27, CAST(0.00 AS Decimal(18, 2)), CAST(1.00 AS Decimal(18, 2)), CAST(42130.00 AS Decimal(18, 2)), 5, CAST(42130.00 AS Decimal(18, 2)), N'15671/00016320', 12, 37, CAST(1.00 AS Decimal(18, 2)), 1)
INSERT [dbo].[InvoiceDetails] ([Id], [CreatedBy], [ModifiedBy], [CreatedDate], [ModifiedDate], [Status], [BussinessId], [InvoiceId], [ProductId], [SellingPrice], [Quantity], [TotalPrice], [PropertyId], [BuyingPrice], [ProductSerial], [Warranty], [StockIn], [ConversionRate], [Currency]) VALUES (119, 0, 0, CAST(N'2017-10-04 00:00:00.000' AS DateTime), CAST(N'2017-10-04 00:00:00.000' AS DateTime), 1, 0, 11, 27, CAST(0.00 AS Decimal(18, 2)), CAST(1.00 AS Decimal(18, 2)), CAST(42130.00 AS Decimal(18, 2)), 5, CAST(42130.00 AS Decimal(18, 2)), N'15671/00016584', 12, 37, CAST(1.00 AS Decimal(18, 2)), 1)
INSERT [dbo].[InvoiceDetails] ([Id], [CreatedBy], [ModifiedBy], [CreatedDate], [ModifiedDate], [Status], [BussinessId], [InvoiceId], [ProductId], [SellingPrice], [Quantity], [TotalPrice], [PropertyId], [BuyingPrice], [ProductSerial], [Warranty], [StockIn], [ConversionRate], [Currency]) VALUES (120, 0, 0, CAST(N'2017-10-04 00:00:00.000' AS DateTime), CAST(N'2017-10-04 00:00:00.000' AS DateTime), 1, 0, 11, 27, CAST(0.00 AS Decimal(18, 2)), CAST(1.00 AS Decimal(18, 2)), CAST(42130.00 AS Decimal(18, 2)), 5, CAST(42130.00 AS Decimal(18, 2)), N'15671/00017766', 12, 37, CAST(1.00 AS Decimal(18, 2)), 1)
INSERT [dbo].[InvoiceDetails] ([Id], [CreatedBy], [ModifiedBy], [CreatedDate], [ModifiedDate], [Status], [BussinessId], [InvoiceId], [ProductId], [SellingPrice], [Quantity], [TotalPrice], [PropertyId], [BuyingPrice], [ProductSerial], [Warranty], [StockIn], [ConversionRate], [Currency]) VALUES (121, 0, 0, CAST(N'2017-10-04 00:00:00.000' AS DateTime), CAST(N'2017-10-04 00:00:00.000' AS DateTime), 1, 0, 11, 27, CAST(0.00 AS Decimal(18, 2)), CAST(1.00 AS Decimal(18, 2)), CAST(42130.00 AS Decimal(18, 2)), 5, CAST(42130.00 AS Decimal(18, 2)), N'15671/00013955', 12, 37, CAST(1.00 AS Decimal(18, 2)), 1)
INSERT [dbo].[InvoiceDetails] ([Id], [CreatedBy], [ModifiedBy], [CreatedDate], [ModifiedDate], [Status], [BussinessId], [InvoiceId], [ProductId], [SellingPrice], [Quantity], [TotalPrice], [PropertyId], [BuyingPrice], [ProductSerial], [Warranty], [StockIn], [ConversionRate], [Currency]) VALUES (122, 0, 0, CAST(N'2017-10-04 00:00:00.000' AS DateTime), CAST(N'2017-10-04 00:00:00.000' AS DateTime), 1, 0, 11, 27, CAST(0.00 AS Decimal(18, 2)), CAST(1.00 AS Decimal(18, 2)), CAST(42130.00 AS Decimal(18, 2)), 5, CAST(42130.00 AS Decimal(18, 2)), N'15671/00016477', 12, 37, CAST(1.00 AS Decimal(18, 2)), 1)
INSERT [dbo].[InvoiceDetails] ([Id], [CreatedBy], [ModifiedBy], [CreatedDate], [ModifiedDate], [Status], [BussinessId], [InvoiceId], [ProductId], [SellingPrice], [Quantity], [TotalPrice], [PropertyId], [BuyingPrice], [ProductSerial], [Warranty], [StockIn], [ConversionRate], [Currency]) VALUES (123, 0, 0, CAST(N'2017-10-04 00:00:00.000' AS DateTime), CAST(N'2017-10-04 00:00:00.000' AS DateTime), 1, 0, 11, 27, CAST(0.00 AS Decimal(18, 2)), CAST(1.00 AS Decimal(18, 2)), CAST(42130.00 AS Decimal(18, 2)), 5, CAST(42130.00 AS Decimal(18, 2)), N'15671/00016618', 12, 37, CAST(1.00 AS Decimal(18, 2)), 1)
INSERT [dbo].[InvoiceDetails] ([Id], [CreatedBy], [ModifiedBy], [CreatedDate], [ModifiedDate], [Status], [BussinessId], [InvoiceId], [ProductId], [SellingPrice], [Quantity], [TotalPrice], [PropertyId], [BuyingPrice], [ProductSerial], [Warranty], [StockIn], [ConversionRate], [Currency]) VALUES (124, 0, 0, CAST(N'2017-10-04 00:00:00.000' AS DateTime), CAST(N'2017-10-04 00:00:00.000' AS DateTime), 1, 0, 11, 27, CAST(0.00 AS Decimal(18, 2)), CAST(1.00 AS Decimal(18, 2)), CAST(42130.00 AS Decimal(18, 2)), 5, CAST(42130.00 AS Decimal(18, 2)), N'15671/00016616', 12, 37, CAST(1.00 AS Decimal(18, 2)), 1)
INSERT [dbo].[InvoiceDetails] ([Id], [CreatedBy], [ModifiedBy], [CreatedDate], [ModifiedDate], [Status], [BussinessId], [InvoiceId], [ProductId], [SellingPrice], [Quantity], [TotalPrice], [PropertyId], [BuyingPrice], [ProductSerial], [Warranty], [StockIn], [ConversionRate], [Currency]) VALUES (125, 0, 0, CAST(N'2017-10-04 00:00:00.000' AS DateTime), CAST(N'2017-10-04 00:00:00.000' AS DateTime), 1, 0, 11, 27, CAST(0.00 AS Decimal(18, 2)), CAST(1.00 AS Decimal(18, 2)), CAST(42130.00 AS Decimal(18, 2)), 5, CAST(42130.00 AS Decimal(18, 2)), N'15671/00017019', 12, 37, CAST(1.00 AS Decimal(18, 2)), 1)
INSERT [dbo].[InvoiceDetails] ([Id], [CreatedBy], [ModifiedBy], [CreatedDate], [ModifiedDate], [Status], [BussinessId], [InvoiceId], [ProductId], [SellingPrice], [Quantity], [TotalPrice], [PropertyId], [BuyingPrice], [ProductSerial], [Warranty], [StockIn], [ConversionRate], [Currency]) VALUES (126, 0, 0, CAST(N'2017-10-04 00:00:00.000' AS DateTime), CAST(N'2017-10-04 00:00:00.000' AS DateTime), 1, 0, 11, 27, CAST(0.00 AS Decimal(18, 2)), CAST(1.00 AS Decimal(18, 2)), CAST(42130.00 AS Decimal(18, 2)), 5, CAST(42130.00 AS Decimal(18, 2)), N'15671/00016969', 12, 37, CAST(1.00 AS Decimal(18, 2)), 1)
INSERT [dbo].[InvoiceDetails] ([Id], [CreatedBy], [ModifiedBy], [CreatedDate], [ModifiedDate], [Status], [BussinessId], [InvoiceId], [ProductId], [SellingPrice], [Quantity], [TotalPrice], [PropertyId], [BuyingPrice], [ProductSerial], [Warranty], [StockIn], [ConversionRate], [Currency]) VALUES (127, 0, 0, CAST(N'2017-10-04 00:00:00.000' AS DateTime), CAST(N'2017-10-04 00:00:00.000' AS DateTime), 1, 0, 11, 27, CAST(0.00 AS Decimal(18, 2)), CAST(1.00 AS Decimal(18, 2)), CAST(42130.00 AS Decimal(18, 2)), 5, CAST(42130.00 AS Decimal(18, 2)), N'15671/00017024', 12, 37, CAST(1.00 AS Decimal(18, 2)), 1)
INSERT [dbo].[InvoiceDetails] ([Id], [CreatedBy], [ModifiedBy], [CreatedDate], [ModifiedDate], [Status], [BussinessId], [InvoiceId], [ProductId], [SellingPrice], [Quantity], [TotalPrice], [PropertyId], [BuyingPrice], [ProductSerial], [Warranty], [StockIn], [ConversionRate], [Currency]) VALUES (128, 0, 0, CAST(N'2017-10-04 00:00:00.000' AS DateTime), CAST(N'2017-10-04 00:00:00.000' AS DateTime), 1, 0, 11, 27, CAST(0.00 AS Decimal(18, 2)), CAST(1.00 AS Decimal(18, 2)), CAST(42130.00 AS Decimal(18, 2)), 5, CAST(42130.00 AS Decimal(18, 2)), N'15671/00016516', 12, 37, CAST(1.00 AS Decimal(18, 2)), 1)
INSERT [dbo].[InvoiceDetails] ([Id], [CreatedBy], [ModifiedBy], [CreatedDate], [ModifiedDate], [Status], [BussinessId], [InvoiceId], [ProductId], [SellingPrice], [Quantity], [TotalPrice], [PropertyId], [BuyingPrice], [ProductSerial], [Warranty], [StockIn], [ConversionRate], [Currency]) VALUES (129, 0, 0, CAST(N'2017-10-04 00:00:00.000' AS DateTime), CAST(N'2017-10-04 00:00:00.000' AS DateTime), 1, 0, 11, 27, CAST(0.00 AS Decimal(18, 2)), CAST(1.00 AS Decimal(18, 2)), CAST(42130.00 AS Decimal(18, 2)), 5, CAST(42130.00 AS Decimal(18, 2)), N'15671/00016798', 12, 37, CAST(1.00 AS Decimal(18, 2)), 1)
INSERT [dbo].[InvoiceDetails] ([Id], [CreatedBy], [ModifiedBy], [CreatedDate], [ModifiedDate], [Status], [BussinessId], [InvoiceId], [ProductId], [SellingPrice], [Quantity], [TotalPrice], [PropertyId], [BuyingPrice], [ProductSerial], [Warranty], [StockIn], [ConversionRate], [Currency]) VALUES (130, 0, 0, CAST(N'2017-10-04 00:00:00.000' AS DateTime), CAST(N'2017-10-04 00:00:00.000' AS DateTime), 1, 0, 11, 27, CAST(0.00 AS Decimal(18, 2)), CAST(1.00 AS Decimal(18, 2)), CAST(42130.00 AS Decimal(18, 2)), 5, CAST(42130.00 AS Decimal(18, 2)), N'15671/00016628', 12, 37, CAST(1.00 AS Decimal(18, 2)), 1)
INSERT [dbo].[InvoiceDetails] ([Id], [CreatedBy], [ModifiedBy], [CreatedDate], [ModifiedDate], [Status], [BussinessId], [InvoiceId], [ProductId], [SellingPrice], [Quantity], [TotalPrice], [PropertyId], [BuyingPrice], [ProductSerial], [Warranty], [StockIn], [ConversionRate], [Currency]) VALUES (131, 0, 0, CAST(N'2017-10-04 00:00:00.000' AS DateTime), CAST(N'2017-10-04 00:00:00.000' AS DateTime), 1, 0, 11, 27, CAST(0.00 AS Decimal(18, 2)), CAST(1.00 AS Decimal(18, 2)), CAST(42130.00 AS Decimal(18, 2)), 5, CAST(42130.00 AS Decimal(18, 2)), N'15671/00017044', 12, 37, CAST(1.00 AS Decimal(18, 2)), 1)
INSERT [dbo].[InvoiceDetails] ([Id], [CreatedBy], [ModifiedBy], [CreatedDate], [ModifiedDate], [Status], [BussinessId], [InvoiceId], [ProductId], [SellingPrice], [Quantity], [TotalPrice], [PropertyId], [BuyingPrice], [ProductSerial], [Warranty], [StockIn], [ConversionRate], [Currency]) VALUES (132, 0, 0, CAST(N'2017-10-04 00:00:00.000' AS DateTime), CAST(N'2017-10-04 00:00:00.000' AS DateTime), 1, 0, 11, 27, CAST(0.00 AS Decimal(18, 2)), CAST(1.00 AS Decimal(18, 2)), CAST(42130.00 AS Decimal(18, 2)), 5, CAST(42130.00 AS Decimal(18, 2)), N'15671/00016953', 12, 37, CAST(1.00 AS Decimal(18, 2)), 1)
INSERT [dbo].[InvoiceDetails] ([Id], [CreatedBy], [ModifiedBy], [CreatedDate], [ModifiedDate], [Status], [BussinessId], [InvoiceId], [ProductId], [SellingPrice], [Quantity], [TotalPrice], [PropertyId], [BuyingPrice], [ProductSerial], [Warranty], [StockIn], [ConversionRate], [Currency]) VALUES (133, 0, 0, CAST(N'2017-10-04 00:00:00.000' AS DateTime), CAST(N'2017-10-04 00:00:00.000' AS DateTime), 1, 0, 12, 29, CAST(0.00 AS Decimal(18, 2)), CAST(1.00 AS Decimal(18, 2)), CAST(42130.00 AS Decimal(18, 2)), 5, CAST(42130.00 AS Decimal(18, 2)), N'15670/00049754', 12, 37, CAST(1.00 AS Decimal(18, 2)), 1)
INSERT [dbo].[InvoiceDetails] ([Id], [CreatedBy], [ModifiedBy], [CreatedDate], [ModifiedDate], [Status], [BussinessId], [InvoiceId], [ProductId], [SellingPrice], [Quantity], [TotalPrice], [PropertyId], [BuyingPrice], [ProductSerial], [Warranty], [StockIn], [ConversionRate], [Currency]) VALUES (134, 0, 0, CAST(N'2017-10-04 00:00:00.000' AS DateTime), CAST(N'2017-10-04 00:00:00.000' AS DateTime), 1, 0, 12, 29, CAST(0.00 AS Decimal(18, 2)), CAST(1.00 AS Decimal(18, 2)), CAST(42130.00 AS Decimal(18, 2)), 5, CAST(42130.00 AS Decimal(18, 2)), N'15670/00049818', 12, 37, CAST(1.00 AS Decimal(18, 2)), 1)
INSERT [dbo].[InvoiceDetails] ([Id], [CreatedBy], [ModifiedBy], [CreatedDate], [ModifiedDate], [Status], [BussinessId], [InvoiceId], [ProductId], [SellingPrice], [Quantity], [TotalPrice], [PropertyId], [BuyingPrice], [ProductSerial], [Warranty], [StockIn], [ConversionRate], [Currency]) VALUES (135, 0, 0, CAST(N'2017-10-04 00:00:00.000' AS DateTime), CAST(N'2017-10-04 00:00:00.000' AS DateTime), 1, 0, 12, 29, CAST(0.00 AS Decimal(18, 2)), CAST(1.00 AS Decimal(18, 2)), CAST(42130.00 AS Decimal(18, 2)), 5, CAST(42130.00 AS Decimal(18, 2)), N'15670/00036990', 12, 37, CAST(1.00 AS Decimal(18, 2)), 1)
INSERT [dbo].[InvoiceDetails] ([Id], [CreatedBy], [ModifiedBy], [CreatedDate], [ModifiedDate], [Status], [BussinessId], [InvoiceId], [ProductId], [SellingPrice], [Quantity], [TotalPrice], [PropertyId], [BuyingPrice], [ProductSerial], [Warranty], [StockIn], [ConversionRate], [Currency]) VALUES (136, 0, 0, CAST(N'2017-10-04 00:00:00.000' AS DateTime), CAST(N'2017-10-04 00:00:00.000' AS DateTime), 1, 0, 12, 29, CAST(0.00 AS Decimal(18, 2)), CAST(1.00 AS Decimal(18, 2)), CAST(42130.00 AS Decimal(18, 2)), 5, CAST(42130.00 AS Decimal(18, 2)), N'15670/00049742', 12, 37, CAST(1.00 AS Decimal(18, 2)), 1)
INSERT [dbo].[InvoiceDetails] ([Id], [CreatedBy], [ModifiedBy], [CreatedDate], [ModifiedDate], [Status], [BussinessId], [InvoiceId], [ProductId], [SellingPrice], [Quantity], [TotalPrice], [PropertyId], [BuyingPrice], [ProductSerial], [Warranty], [StockIn], [ConversionRate], [Currency]) VALUES (137, 0, 0, CAST(N'2017-10-04 00:00:00.000' AS DateTime), CAST(N'2017-10-04 00:00:00.000' AS DateTime), 1, 0, 12, 29, CAST(0.00 AS Decimal(18, 2)), CAST(1.00 AS Decimal(18, 2)), CAST(42130.00 AS Decimal(18, 2)), 5, CAST(42130.00 AS Decimal(18, 2)), N'15670/00049836', 12, 37, CAST(1.00 AS Decimal(18, 2)), 1)
INSERT [dbo].[InvoiceDetails] ([Id], [CreatedBy], [ModifiedBy], [CreatedDate], [ModifiedDate], [Status], [BussinessId], [InvoiceId], [ProductId], [SellingPrice], [Quantity], [TotalPrice], [PropertyId], [BuyingPrice], [ProductSerial], [Warranty], [StockIn], [ConversionRate], [Currency]) VALUES (138, 0, 0, CAST(N'2017-10-04 00:00:00.000' AS DateTime), CAST(N'2017-10-04 00:00:00.000' AS DateTime), 1, 0, 12, 29, CAST(0.00 AS Decimal(18, 2)), CAST(1.00 AS Decimal(18, 2)), CAST(42130.00 AS Decimal(18, 2)), 5, CAST(42130.00 AS Decimal(18, 2)), N'15670/00049800', 12, 37, CAST(1.00 AS Decimal(18, 2)), 1)
INSERT [dbo].[InvoiceDetails] ([Id], [CreatedBy], [ModifiedBy], [CreatedDate], [ModifiedDate], [Status], [BussinessId], [InvoiceId], [ProductId], [SellingPrice], [Quantity], [TotalPrice], [PropertyId], [BuyingPrice], [ProductSerial], [Warranty], [StockIn], [ConversionRate], [Currency]) VALUES (139, 0, 0, CAST(N'2017-10-04 00:00:00.000' AS DateTime), CAST(N'2017-10-04 00:00:00.000' AS DateTime), 1, 0, 12, 29, CAST(0.00 AS Decimal(18, 2)), CAST(1.00 AS Decimal(18, 2)), CAST(42130.00 AS Decimal(18, 2)), 5, CAST(42130.00 AS Decimal(18, 2)), N'15670/00036906', 12, 37, CAST(1.00 AS Decimal(18, 2)), 1)
INSERT [dbo].[InvoiceDetails] ([Id], [CreatedBy], [ModifiedBy], [CreatedDate], [ModifiedDate], [Status], [BussinessId], [InvoiceId], [ProductId], [SellingPrice], [Quantity], [TotalPrice], [PropertyId], [BuyingPrice], [ProductSerial], [Warranty], [StockIn], [ConversionRate], [Currency]) VALUES (140, 0, 0, CAST(N'2017-10-04 00:00:00.000' AS DateTime), CAST(N'2017-10-04 00:00:00.000' AS DateTime), 1, 0, 12, 29, CAST(0.00 AS Decimal(18, 2)), CAST(1.00 AS Decimal(18, 2)), CAST(42130.00 AS Decimal(18, 2)), 5, CAST(42130.00 AS Decimal(18, 2)), N'15670/00049734', 12, 37, CAST(1.00 AS Decimal(18, 2)), 1)
INSERT [dbo].[InvoiceDetails] ([Id], [CreatedBy], [ModifiedBy], [CreatedDate], [ModifiedDate], [Status], [BussinessId], [InvoiceId], [ProductId], [SellingPrice], [Quantity], [TotalPrice], [PropertyId], [BuyingPrice], [ProductSerial], [Warranty], [StockIn], [ConversionRate], [Currency]) VALUES (141, 0, 0, CAST(N'2017-10-04 00:00:00.000' AS DateTime), CAST(N'2017-10-04 00:00:00.000' AS DateTime), 1, 0, 12, 29, CAST(0.00 AS Decimal(18, 2)), CAST(1.00 AS Decimal(18, 2)), CAST(42130.00 AS Decimal(18, 2)), 5, CAST(42130.00 AS Decimal(18, 2)), N'15670/00049827', 12, 37, CAST(1.00 AS Decimal(18, 2)), 1)
INSERT [dbo].[InvoiceDetails] ([Id], [CreatedBy], [ModifiedBy], [CreatedDate], [ModifiedDate], [Status], [BussinessId], [InvoiceId], [ProductId], [SellingPrice], [Quantity], [TotalPrice], [PropertyId], [BuyingPrice], [ProductSerial], [Warranty], [StockIn], [ConversionRate], [Currency]) VALUES (142, 0, 0, CAST(N'2017-10-04 00:00:00.000' AS DateTime), CAST(N'2017-10-04 00:00:00.000' AS DateTime), 1, 0, 12, 29, CAST(0.00 AS Decimal(18, 2)), CAST(1.00 AS Decimal(18, 2)), CAST(42130.00 AS Decimal(18, 2)), 5, CAST(42130.00 AS Decimal(18, 2)), N'15670/00049784', 12, 37, CAST(1.00 AS Decimal(18, 2)), 1)
INSERT [dbo].[InvoiceDetails] ([Id], [CreatedBy], [ModifiedBy], [CreatedDate], [ModifiedDate], [Status], [BussinessId], [InvoiceId], [ProductId], [SellingPrice], [Quantity], [TotalPrice], [PropertyId], [BuyingPrice], [ProductSerial], [Warranty], [StockIn], [ConversionRate], [Currency]) VALUES (143, 0, 0, CAST(N'2017-10-04 00:00:00.000' AS DateTime), CAST(N'2017-10-04 00:00:00.000' AS DateTime), 1, 0, 12, 29, CAST(0.00 AS Decimal(18, 2)), CAST(1.00 AS Decimal(18, 2)), CAST(42130.00 AS Decimal(18, 2)), 5, CAST(42130.00 AS Decimal(18, 2)), N'15670/00037206', 12, 37, CAST(1.00 AS Decimal(18, 2)), 1)
INSERT [dbo].[InvoiceDetails] ([Id], [CreatedBy], [ModifiedBy], [CreatedDate], [ModifiedDate], [Status], [BussinessId], [InvoiceId], [ProductId], [SellingPrice], [Quantity], [TotalPrice], [PropertyId], [BuyingPrice], [ProductSerial], [Warranty], [StockIn], [ConversionRate], [Currency]) VALUES (144, 0, 0, CAST(N'2017-10-04 00:00:00.000' AS DateTime), CAST(N'2017-10-04 00:00:00.000' AS DateTime), 1, 0, 12, 29, CAST(0.00 AS Decimal(18, 2)), CAST(1.00 AS Decimal(18, 2)), CAST(42130.00 AS Decimal(18, 2)), 5, CAST(42130.00 AS Decimal(18, 2)), N'15670/00037108', 12, 37, CAST(1.00 AS Decimal(18, 2)), 1)
INSERT [dbo].[InvoiceDetails] ([Id], [CreatedBy], [ModifiedBy], [CreatedDate], [ModifiedDate], [Status], [BussinessId], [InvoiceId], [ProductId], [SellingPrice], [Quantity], [TotalPrice], [PropertyId], [BuyingPrice], [ProductSerial], [Warranty], [StockIn], [ConversionRate], [Currency]) VALUES (145, 0, 0, CAST(N'2017-10-04 00:00:00.000' AS DateTime), CAST(N'2017-10-04 00:00:00.000' AS DateTime), 1, 0, 12, 29, CAST(0.00 AS Decimal(18, 2)), CAST(1.00 AS Decimal(18, 2)), CAST(42130.00 AS Decimal(18, 2)), 5, CAST(42130.00 AS Decimal(18, 2)), N'15670/00049740', 12, 37, CAST(1.00 AS Decimal(18, 2)), 1)
INSERT [dbo].[InvoiceDetails] ([Id], [CreatedBy], [ModifiedBy], [CreatedDate], [ModifiedDate], [Status], [BussinessId], [InvoiceId], [ProductId], [SellingPrice], [Quantity], [TotalPrice], [PropertyId], [BuyingPrice], [ProductSerial], [Warranty], [StockIn], [ConversionRate], [Currency]) VALUES (146, 0, 0, CAST(N'2017-10-04 00:00:00.000' AS DateTime), CAST(N'2017-10-04 00:00:00.000' AS DateTime), 1, 0, 12, 29, CAST(0.00 AS Decimal(18, 2)), CAST(1.00 AS Decimal(18, 2)), CAST(42130.00 AS Decimal(18, 2)), 5, CAST(42130.00 AS Decimal(18, 2)), N'15670/00049823', 12, 37, CAST(1.00 AS Decimal(18, 2)), 1)
INSERT [dbo].[InvoiceDetails] ([Id], [CreatedBy], [ModifiedBy], [CreatedDate], [ModifiedDate], [Status], [BussinessId], [InvoiceId], [ProductId], [SellingPrice], [Quantity], [TotalPrice], [PropertyId], [BuyingPrice], [ProductSerial], [Warranty], [StockIn], [ConversionRate], [Currency]) VALUES (147, 0, 0, CAST(N'2017-10-04 00:00:00.000' AS DateTime), CAST(N'2017-10-04 00:00:00.000' AS DateTime), 1, 0, 12, 29, CAST(0.00 AS Decimal(18, 2)), CAST(1.00 AS Decimal(18, 2)), CAST(42130.00 AS Decimal(18, 2)), 5, CAST(42130.00 AS Decimal(18, 2)), N'15670/00037091', 12, 37, CAST(1.00 AS Decimal(18, 2)), 1)
INSERT [dbo].[InvoiceDetails] ([Id], [CreatedBy], [ModifiedBy], [CreatedDate], [ModifiedDate], [Status], [BussinessId], [InvoiceId], [ProductId], [SellingPrice], [Quantity], [TotalPrice], [PropertyId], [BuyingPrice], [ProductSerial], [Warranty], [StockIn], [ConversionRate], [Currency]) VALUES (148, 0, 0, CAST(N'2017-10-04 00:00:00.000' AS DateTime), CAST(N'2017-10-04 00:00:00.000' AS DateTime), 1, 0, 12, 29, CAST(0.00 AS Decimal(18, 2)), CAST(1.00 AS Decimal(18, 2)), CAST(42130.00 AS Decimal(18, 2)), 5, CAST(42130.00 AS Decimal(18, 2)), N'15670/00049611', 12, 37, CAST(1.00 AS Decimal(18, 2)), 1)
INSERT [dbo].[InvoiceDetails] ([Id], [CreatedBy], [ModifiedBy], [CreatedDate], [ModifiedDate], [Status], [BussinessId], [InvoiceId], [ProductId], [SellingPrice], [Quantity], [TotalPrice], [PropertyId], [BuyingPrice], [ProductSerial], [Warranty], [StockIn], [ConversionRate], [Currency]) VALUES (149, 0, 0, CAST(N'2017-10-04 00:00:00.000' AS DateTime), CAST(N'2017-10-04 00:00:00.000' AS DateTime), 1, 0, 12, 29, CAST(0.00 AS Decimal(18, 2)), CAST(1.00 AS Decimal(18, 2)), CAST(42130.00 AS Decimal(18, 2)), 5, CAST(42130.00 AS Decimal(18, 2)), N'15670/00049808', 12, 37, CAST(1.00 AS Decimal(18, 2)), 1)
INSERT [dbo].[InvoiceDetails] ([Id], [CreatedBy], [ModifiedBy], [CreatedDate], [ModifiedDate], [Status], [BussinessId], [InvoiceId], [ProductId], [SellingPrice], [Quantity], [TotalPrice], [PropertyId], [BuyingPrice], [ProductSerial], [Warranty], [StockIn], [ConversionRate], [Currency]) VALUES (150, 0, 0, CAST(N'2017-10-04 00:00:00.000' AS DateTime), CAST(N'2017-10-04 00:00:00.000' AS DateTime), 1, 0, 12, 29, CAST(0.00 AS Decimal(18, 2)), CAST(1.00 AS Decimal(18, 2)), CAST(42130.00 AS Decimal(18, 2)), 5, CAST(42130.00 AS Decimal(18, 2)), N'15670/00037215', 12, 37, CAST(1.00 AS Decimal(18, 2)), 1)
INSERT [dbo].[InvoiceDetails] ([Id], [CreatedBy], [ModifiedBy], [CreatedDate], [ModifiedDate], [Status], [BussinessId], [InvoiceId], [ProductId], [SellingPrice], [Quantity], [TotalPrice], [PropertyId], [BuyingPrice], [ProductSerial], [Warranty], [StockIn], [ConversionRate], [Currency]) VALUES (151, 0, 0, CAST(N'2017-10-04 00:00:00.000' AS DateTime), CAST(N'2017-10-04 00:00:00.000' AS DateTime), 1, 0, 12, 29, CAST(0.00 AS Decimal(18, 2)), CAST(1.00 AS Decimal(18, 2)), CAST(42130.00 AS Decimal(18, 2)), 5, CAST(42130.00 AS Decimal(18, 2)), N'15670/00049592', 12, 37, CAST(1.00 AS Decimal(18, 2)), 1)
INSERT [dbo].[InvoiceDetails] ([Id], [CreatedBy], [ModifiedBy], [CreatedDate], [ModifiedDate], [Status], [BussinessId], [InvoiceId], [ProductId], [SellingPrice], [Quantity], [TotalPrice], [PropertyId], [BuyingPrice], [ProductSerial], [Warranty], [StockIn], [ConversionRate], [Currency]) VALUES (152, 0, 0, CAST(N'2017-10-04 00:00:00.000' AS DateTime), CAST(N'2017-10-04 00:00:00.000' AS DateTime), 1, 0, 12, 29, CAST(0.00 AS Decimal(18, 2)), CAST(1.00 AS Decimal(18, 2)), CAST(42130.00 AS Decimal(18, 2)), 5, CAST(42130.00 AS Decimal(18, 2)), N'15670/00049809', 12, 37, CAST(1.00 AS Decimal(18, 2)), 1)
INSERT [dbo].[InvoiceDetails] ([Id], [CreatedBy], [ModifiedBy], [CreatedDate], [ModifiedDate], [Status], [BussinessId], [InvoiceId], [ProductId], [SellingPrice], [Quantity], [TotalPrice], [PropertyId], [BuyingPrice], [ProductSerial], [Warranty], [StockIn], [ConversionRate], [Currency]) VALUES (153, 0, 0, CAST(N'2017-10-04 00:00:00.000' AS DateTime), CAST(N'2017-10-04 00:00:00.000' AS DateTime), 1, 0, 12, 29, CAST(0.00 AS Decimal(18, 2)), CAST(1.00 AS Decimal(18, 2)), CAST(42130.00 AS Decimal(18, 2)), 5, CAST(42130.00 AS Decimal(18, 2)), N'15670/00036893', 12, 37, CAST(1.00 AS Decimal(18, 2)), 1)
INSERT [dbo].[InvoiceDetails] ([Id], [CreatedBy], [ModifiedBy], [CreatedDate], [ModifiedDate], [Status], [BussinessId], [InvoiceId], [ProductId], [SellingPrice], [Quantity], [TotalPrice], [PropertyId], [BuyingPrice], [ProductSerial], [Warranty], [StockIn], [ConversionRate], [Currency]) VALUES (154, 0, 0, CAST(N'2017-10-04 00:00:00.000' AS DateTime), CAST(N'2017-10-04 00:00:00.000' AS DateTime), 1, 0, 12, 29, CAST(0.00 AS Decimal(18, 2)), CAST(1.00 AS Decimal(18, 2)), CAST(42130.00 AS Decimal(18, 2)), 5, CAST(42130.00 AS Decimal(18, 2)), N'15670/00035642', 12, 37, CAST(1.00 AS Decimal(18, 2)), 1)
INSERT [dbo].[InvoiceDetails] ([Id], [CreatedBy], [ModifiedBy], [CreatedDate], [ModifiedDate], [Status], [BussinessId], [InvoiceId], [ProductId], [SellingPrice], [Quantity], [TotalPrice], [PropertyId], [BuyingPrice], [ProductSerial], [Warranty], [StockIn], [ConversionRate], [Currency]) VALUES (155, 0, 0, CAST(N'2017-10-04 00:00:00.000' AS DateTime), CAST(N'2017-10-04 00:00:00.000' AS DateTime), 1, 0, 12, 29, CAST(0.00 AS Decimal(18, 2)), CAST(1.00 AS Decimal(18, 2)), CAST(42130.00 AS Decimal(18, 2)), 5, CAST(42130.00 AS Decimal(18, 2)), N'15670/00037202', 12, 37, CAST(1.00 AS Decimal(18, 2)), 1)
INSERT [dbo].[InvoiceDetails] ([Id], [CreatedBy], [ModifiedBy], [CreatedDate], [ModifiedDate], [Status], [BussinessId], [InvoiceId], [ProductId], [SellingPrice], [Quantity], [TotalPrice], [PropertyId], [BuyingPrice], [ProductSerial], [Warranty], [StockIn], [ConversionRate], [Currency]) VALUES (156, 0, 0, CAST(N'2017-10-04 00:00:00.000' AS DateTime), CAST(N'2017-10-04 00:00:00.000' AS DateTime), 1, 0, 12, 29, CAST(0.00 AS Decimal(18, 2)), CAST(1.00 AS Decimal(18, 2)), CAST(42130.00 AS Decimal(18, 2)), 5, CAST(42130.00 AS Decimal(18, 2)), N'15670/00036848', 12, 37, CAST(1.00 AS Decimal(18, 2)), 1)
INSERT [dbo].[InvoiceDetails] ([Id], [CreatedBy], [ModifiedBy], [CreatedDate], [ModifiedDate], [Status], [BussinessId], [InvoiceId], [ProductId], [SellingPrice], [Quantity], [TotalPrice], [PropertyId], [BuyingPrice], [ProductSerial], [Warranty], [StockIn], [ConversionRate], [Currency]) VALUES (157, 0, 0, CAST(N'2017-10-04 00:00:00.000' AS DateTime), CAST(N'2017-10-04 00:00:00.000' AS DateTime), 1, 0, 12, 29, CAST(0.00 AS Decimal(18, 2)), CAST(1.00 AS Decimal(18, 2)), CAST(42130.00 AS Decimal(18, 2)), 5, CAST(42130.00 AS Decimal(18, 2)), N'15670/00049622', 12, 37, CAST(1.00 AS Decimal(18, 2)), 1)
INSERT [dbo].[InvoiceDetails] ([Id], [CreatedBy], [ModifiedBy], [CreatedDate], [ModifiedDate], [Status], [BussinessId], [InvoiceId], [ProductId], [SellingPrice], [Quantity], [TotalPrice], [PropertyId], [BuyingPrice], [ProductSerial], [Warranty], [StockIn], [ConversionRate], [Currency]) VALUES (158, 0, 0, CAST(N'2017-10-04 00:00:00.000' AS DateTime), CAST(N'2017-10-04 00:00:00.000' AS DateTime), 1, 0, 12, 29, CAST(0.00 AS Decimal(18, 2)), CAST(1.00 AS Decimal(18, 2)), CAST(42130.00 AS Decimal(18, 2)), 5, CAST(42130.00 AS Decimal(18, 2)), N'15670/00049764', 12, 37, CAST(1.00 AS Decimal(18, 2)), 1)
INSERT [dbo].[InvoiceDetails] ([Id], [CreatedBy], [ModifiedBy], [CreatedDate], [ModifiedDate], [Status], [BussinessId], [InvoiceId], [ProductId], [SellingPrice], [Quantity], [TotalPrice], [PropertyId], [BuyingPrice], [ProductSerial], [Warranty], [StockIn], [ConversionRate], [Currency]) VALUES (159, 0, 0, CAST(N'2017-10-04 00:00:00.000' AS DateTime), CAST(N'2017-10-04 00:00:00.000' AS DateTime), 1, 0, 12, 29, CAST(0.00 AS Decimal(18, 2)), CAST(1.00 AS Decimal(18, 2)), CAST(42130.00 AS Decimal(18, 2)), 5, CAST(42130.00 AS Decimal(18, 2)), N'15670/00049789', 12, 37, CAST(1.00 AS Decimal(18, 2)), 1)
INSERT [dbo].[InvoiceDetails] ([Id], [CreatedBy], [ModifiedBy], [CreatedDate], [ModifiedDate], [Status], [BussinessId], [InvoiceId], [ProductId], [SellingPrice], [Quantity], [TotalPrice], [PropertyId], [BuyingPrice], [ProductSerial], [Warranty], [StockIn], [ConversionRate], [Currency]) VALUES (160, 0, 0, CAST(N'2017-10-04 00:00:00.000' AS DateTime), CAST(N'2017-10-04 00:00:00.000' AS DateTime), 1, 0, 12, 29, CAST(0.00 AS Decimal(18, 2)), CAST(1.00 AS Decimal(18, 2)), CAST(42130.00 AS Decimal(18, 2)), 5, CAST(42130.00 AS Decimal(18, 2)), N'15670/00037208', 12, 37, CAST(1.00 AS Decimal(18, 2)), 1)
INSERT [dbo].[InvoiceDetails] ([Id], [CreatedBy], [ModifiedBy], [CreatedDate], [ModifiedDate], [Status], [BussinessId], [InvoiceId], [ProductId], [SellingPrice], [Quantity], [TotalPrice], [PropertyId], [BuyingPrice], [ProductSerial], [Warranty], [StockIn], [ConversionRate], [Currency]) VALUES (161, 0, 0, CAST(N'2017-10-04 00:00:00.000' AS DateTime), CAST(N'2017-10-04 00:00:00.000' AS DateTime), 1, 0, 12, 29, CAST(0.00 AS Decimal(18, 2)), CAST(1.00 AS Decimal(18, 2)), CAST(42130.00 AS Decimal(18, 2)), 5, CAST(42130.00 AS Decimal(18, 2)), N'15670/00035155', 12, 37, CAST(1.00 AS Decimal(18, 2)), 1)
INSERT [dbo].[InvoiceDetails] ([Id], [CreatedBy], [ModifiedBy], [CreatedDate], [ModifiedDate], [Status], [BussinessId], [InvoiceId], [ProductId], [SellingPrice], [Quantity], [TotalPrice], [PropertyId], [BuyingPrice], [ProductSerial], [Warranty], [StockIn], [ConversionRate], [Currency]) VALUES (162, 0, 0, CAST(N'2017-10-04 00:00:00.000' AS DateTime), CAST(N'2017-10-04 00:00:00.000' AS DateTime), 1, 0, 12, 29, CAST(0.00 AS Decimal(18, 2)), CAST(1.00 AS Decimal(18, 2)), CAST(42130.00 AS Decimal(18, 2)), 5, CAST(42130.00 AS Decimal(18, 2)), N'15670/00049760', 12, 37, CAST(1.00 AS Decimal(18, 2)), 1)
INSERT [dbo].[InvoiceDetails] ([Id], [CreatedBy], [ModifiedBy], [CreatedDate], [ModifiedDate], [Status], [BussinessId], [InvoiceId], [ProductId], [SellingPrice], [Quantity], [TotalPrice], [PropertyId], [BuyingPrice], [ProductSerial], [Warranty], [StockIn], [ConversionRate], [Currency]) VALUES (163, 0, 0, CAST(N'2017-10-04 00:00:00.000' AS DateTime), CAST(N'2017-10-04 00:00:00.000' AS DateTime), 1, 0, 12, 29, CAST(0.00 AS Decimal(18, 2)), CAST(1.00 AS Decimal(18, 2)), CAST(42130.00 AS Decimal(18, 2)), 5, CAST(42130.00 AS Decimal(18, 2)), N'15670/00036789', 12, 37, CAST(1.00 AS Decimal(18, 2)), 1)
INSERT [dbo].[InvoiceDetails] ([Id], [CreatedBy], [ModifiedBy], [CreatedDate], [ModifiedDate], [Status], [BussinessId], [InvoiceId], [ProductId], [SellingPrice], [Quantity], [TotalPrice], [PropertyId], [BuyingPrice], [ProductSerial], [Warranty], [StockIn], [ConversionRate], [Currency]) VALUES (164, 0, 0, CAST(N'2017-10-04 00:00:00.000' AS DateTime), CAST(N'2017-10-04 00:00:00.000' AS DateTime), 1, 0, 12, 29, CAST(0.00 AS Decimal(18, 2)), CAST(1.00 AS Decimal(18, 2)), CAST(42130.00 AS Decimal(18, 2)), 5, CAST(42130.00 AS Decimal(18, 2)), N'15670/00037107', 12, 37, CAST(1.00 AS Decimal(18, 2)), 1)
INSERT [dbo].[InvoiceDetails] ([Id], [CreatedBy], [ModifiedBy], [CreatedDate], [ModifiedDate], [Status], [BussinessId], [InvoiceId], [ProductId], [SellingPrice], [Quantity], [TotalPrice], [PropertyId], [BuyingPrice], [ProductSerial], [Warranty], [StockIn], [ConversionRate], [Currency]) VALUES (165, 0, 0, CAST(N'2017-10-04 00:00:00.000' AS DateTime), CAST(N'2017-10-04 00:00:00.000' AS DateTime), 1, 0, 12, 29, CAST(0.00 AS Decimal(18, 2)), CAST(1.00 AS Decimal(18, 2)), CAST(42130.00 AS Decimal(18, 2)), 5, CAST(42130.00 AS Decimal(18, 2)), N'15670/00036897', 12, 37, CAST(1.00 AS Decimal(18, 2)), 1)
INSERT [dbo].[InvoiceDetails] ([Id], [CreatedBy], [ModifiedBy], [CreatedDate], [ModifiedDate], [Status], [BussinessId], [InvoiceId], [ProductId], [SellingPrice], [Quantity], [TotalPrice], [PropertyId], [BuyingPrice], [ProductSerial], [Warranty], [StockIn], [ConversionRate], [Currency]) VALUES (166, 0, 0, CAST(N'2017-10-04 00:00:00.000' AS DateTime), CAST(N'2017-10-04 00:00:00.000' AS DateTime), 1, 0, 12, 29, CAST(0.00 AS Decimal(18, 2)), CAST(1.00 AS Decimal(18, 2)), CAST(42130.00 AS Decimal(18, 2)), 5, CAST(42130.00 AS Decimal(18, 2)), N'15670/00037214', 12, 37, CAST(1.00 AS Decimal(18, 2)), 1)
INSERT [dbo].[InvoiceDetails] ([Id], [CreatedBy], [ModifiedBy], [CreatedDate], [ModifiedDate], [Status], [BussinessId], [InvoiceId], [ProductId], [SellingPrice], [Quantity], [TotalPrice], [PropertyId], [BuyingPrice], [ProductSerial], [Warranty], [StockIn], [ConversionRate], [Currency]) VALUES (167, 0, 0, CAST(N'2017-10-04 00:00:00.000' AS DateTime), CAST(N'2017-10-04 00:00:00.000' AS DateTime), 1, 0, 12, 29, CAST(0.00 AS Decimal(18, 2)), CAST(1.00 AS Decimal(18, 2)), CAST(42130.00 AS Decimal(18, 2)), 5, CAST(42130.00 AS Decimal(18, 2)), N'15670/00049777', 12, 37, CAST(1.00 AS Decimal(18, 2)), 1)
INSERT [dbo].[InvoiceDetails] ([Id], [CreatedBy], [ModifiedBy], [CreatedDate], [ModifiedDate], [Status], [BussinessId], [InvoiceId], [ProductId], [SellingPrice], [Quantity], [TotalPrice], [PropertyId], [BuyingPrice], [ProductSerial], [Warranty], [StockIn], [ConversionRate], [Currency]) VALUES (168, 0, 0, CAST(N'2017-10-04 00:00:00.000' AS DateTime), CAST(N'2017-10-04 00:00:00.000' AS DateTime), 1, 0, 12, 29, CAST(0.00 AS Decimal(18, 2)), CAST(1.00 AS Decimal(18, 2)), CAST(42130.00 AS Decimal(18, 2)), 5, CAST(42130.00 AS Decimal(18, 2)), N'15670/00037199', 12, 37, CAST(1.00 AS Decimal(18, 2)), 1)
INSERT [dbo].[InvoiceDetails] ([Id], [CreatedBy], [ModifiedBy], [CreatedDate], [ModifiedDate], [Status], [BussinessId], [InvoiceId], [ProductId], [SellingPrice], [Quantity], [TotalPrice], [PropertyId], [BuyingPrice], [ProductSerial], [Warranty], [StockIn], [ConversionRate], [Currency]) VALUES (169, 0, 0, CAST(N'2017-10-04 00:00:00.000' AS DateTime), CAST(N'2017-10-04 00:00:00.000' AS DateTime), 1, 0, 12, 29, CAST(0.00 AS Decimal(18, 2)), CAST(1.00 AS Decimal(18, 2)), CAST(42130.00 AS Decimal(18, 2)), 5, CAST(42130.00 AS Decimal(18, 2)), N'15670/00049675', 12, 37, CAST(1.00 AS Decimal(18, 2)), 1)
INSERT [dbo].[InvoiceDetails] ([Id], [CreatedBy], [ModifiedBy], [CreatedDate], [ModifiedDate], [Status], [BussinessId], [InvoiceId], [ProductId], [SellingPrice], [Quantity], [TotalPrice], [PropertyId], [BuyingPrice], [ProductSerial], [Warranty], [StockIn], [ConversionRate], [Currency]) VALUES (170, 0, 0, CAST(N'2017-10-04 00:00:00.000' AS DateTime), CAST(N'2017-10-04 00:00:00.000' AS DateTime), 1, 0, 12, 29, CAST(0.00 AS Decimal(18, 2)), CAST(1.00 AS Decimal(18, 2)), CAST(42130.00 AS Decimal(18, 2)), 5, CAST(42130.00 AS Decimal(18, 2)), N'15670/00049788', 12, 37, CAST(1.00 AS Decimal(18, 2)), 1)
INSERT [dbo].[InvoiceDetails] ([Id], [CreatedBy], [ModifiedBy], [CreatedDate], [ModifiedDate], [Status], [BussinessId], [InvoiceId], [ProductId], [SellingPrice], [Quantity], [TotalPrice], [PropertyId], [BuyingPrice], [ProductSerial], [Warranty], [StockIn], [ConversionRate], [Currency]) VALUES (171, 0, 0, CAST(N'2017-10-04 00:00:00.000' AS DateTime), CAST(N'2017-10-04 00:00:00.000' AS DateTime), 1, 0, 12, 29, CAST(0.00 AS Decimal(18, 2)), CAST(1.00 AS Decimal(18, 2)), CAST(42130.00 AS Decimal(18, 2)), 5, CAST(42130.00 AS Decimal(18, 2)), N'15670/00037217', 12, 37, CAST(1.00 AS Decimal(18, 2)), 1)
INSERT [dbo].[InvoiceDetails] ([Id], [CreatedBy], [ModifiedBy], [CreatedDate], [ModifiedDate], [Status], [BussinessId], [InvoiceId], [ProductId], [SellingPrice], [Quantity], [TotalPrice], [PropertyId], [BuyingPrice], [ProductSerial], [Warranty], [StockIn], [ConversionRate], [Currency]) VALUES (172, 0, 0, CAST(N'2017-10-04 00:00:00.000' AS DateTime), CAST(N'2017-10-04 00:00:00.000' AS DateTime), 1, 0, 12, 29, CAST(0.00 AS Decimal(18, 2)), CAST(1.00 AS Decimal(18, 2)), CAST(42130.00 AS Decimal(18, 2)), 5, CAST(42130.00 AS Decimal(18, 2)), N'15670/00037211', 12, 37, CAST(1.00 AS Decimal(18, 2)), 1)
INSERT [dbo].[InvoiceDetails] ([Id], [CreatedBy], [ModifiedBy], [CreatedDate], [ModifiedDate], [Status], [BussinessId], [InvoiceId], [ProductId], [SellingPrice], [Quantity], [TotalPrice], [PropertyId], [BuyingPrice], [ProductSerial], [Warranty], [StockIn], [ConversionRate], [Currency]) VALUES (173, 0, 0, CAST(N'2017-10-04 00:00:00.000' AS DateTime), CAST(N'2017-10-04 00:00:00.000' AS DateTime), 1, 0, 12, 29, CAST(0.00 AS Decimal(18, 2)), CAST(1.00 AS Decimal(18, 2)), CAST(42130.00 AS Decimal(18, 2)), 5, CAST(42130.00 AS Decimal(18, 2)), N'15670/00035193', 12, 37, CAST(1.00 AS Decimal(18, 2)), 1)
INSERT [dbo].[InvoiceDetails] ([Id], [CreatedBy], [ModifiedBy], [CreatedDate], [ModifiedDate], [Status], [BussinessId], [InvoiceId], [ProductId], [SellingPrice], [Quantity], [TotalPrice], [PropertyId], [BuyingPrice], [ProductSerial], [Warranty], [StockIn], [ConversionRate], [Currency]) VALUES (174, 0, 0, CAST(N'2017-10-04 00:00:00.000' AS DateTime), CAST(N'2017-10-04 00:00:00.000' AS DateTime), 1, 0, 12, 29, CAST(0.00 AS Decimal(18, 2)), CAST(1.00 AS Decimal(18, 2)), CAST(42130.00 AS Decimal(18, 2)), 5, CAST(42130.00 AS Decimal(18, 2)), N'15670/00049131', 12, 37, CAST(1.00 AS Decimal(18, 2)), 1)
INSERT [dbo].[InvoiceDetails] ([Id], [CreatedBy], [ModifiedBy], [CreatedDate], [ModifiedDate], [Status], [BussinessId], [InvoiceId], [ProductId], [SellingPrice], [Quantity], [TotalPrice], [PropertyId], [BuyingPrice], [ProductSerial], [Warranty], [StockIn], [ConversionRate], [Currency]) VALUES (175, 0, 0, CAST(N'2017-10-04 00:00:00.000' AS DateTime), CAST(N'2017-10-04 00:00:00.000' AS DateTime), 1, 0, 12, 29, CAST(0.00 AS Decimal(18, 2)), CAST(1.00 AS Decimal(18, 2)), CAST(42130.00 AS Decimal(18, 2)), 5, CAST(42130.00 AS Decimal(18, 2)), N'15670/00049763', 12, 37, CAST(1.00 AS Decimal(18, 2)), 1)
INSERT [dbo].[InvoiceDetails] ([Id], [CreatedBy], [ModifiedBy], [CreatedDate], [ModifiedDate], [Status], [BussinessId], [InvoiceId], [ProductId], [SellingPrice], [Quantity], [TotalPrice], [PropertyId], [BuyingPrice], [ProductSerial], [Warranty], [StockIn], [ConversionRate], [Currency]) VALUES (176, 0, 0, CAST(N'2017-10-04 00:00:00.000' AS DateTime), CAST(N'2017-10-04 00:00:00.000' AS DateTime), 1, 0, 12, 29, CAST(0.00 AS Decimal(18, 2)), CAST(1.00 AS Decimal(18, 2)), CAST(42130.00 AS Decimal(18, 2)), 5, CAST(42130.00 AS Decimal(18, 2)), N'15670/00049741', 12, 37, CAST(1.00 AS Decimal(18, 2)), 1)
INSERT [dbo].[InvoiceDetails] ([Id], [CreatedBy], [ModifiedBy], [CreatedDate], [ModifiedDate], [Status], [BussinessId], [InvoiceId], [ProductId], [SellingPrice], [Quantity], [TotalPrice], [PropertyId], [BuyingPrice], [ProductSerial], [Warranty], [StockIn], [ConversionRate], [Currency]) VALUES (177, 0, 0, CAST(N'2017-10-04 00:00:00.000' AS DateTime), CAST(N'2017-10-04 00:00:00.000' AS DateTime), 1, 0, 12, 29, CAST(0.00 AS Decimal(18, 2)), CAST(1.00 AS Decimal(18, 2)), CAST(42130.00 AS Decimal(18, 2)), 5, CAST(42130.00 AS Decimal(18, 2)), N'15670/00031811', 12, 37, CAST(1.00 AS Decimal(18, 2)), 1)
INSERT [dbo].[InvoiceDetails] ([Id], [CreatedBy], [ModifiedBy], [CreatedDate], [ModifiedDate], [Status], [BussinessId], [InvoiceId], [ProductId], [SellingPrice], [Quantity], [TotalPrice], [PropertyId], [BuyingPrice], [ProductSerial], [Warranty], [StockIn], [ConversionRate], [Currency]) VALUES (178, 0, 0, CAST(N'2017-10-04 00:00:00.000' AS DateTime), CAST(N'2017-10-04 00:00:00.000' AS DateTime), 1, 0, 12, 29, CAST(0.00 AS Decimal(18, 2)), CAST(1.00 AS Decimal(18, 2)), CAST(42130.00 AS Decimal(18, 2)), 5, CAST(42130.00 AS Decimal(18, 2)), N'15670/00031817', 12, 37, CAST(1.00 AS Decimal(18, 2)), 1)
INSERT [dbo].[InvoiceDetails] ([Id], [CreatedBy], [ModifiedBy], [CreatedDate], [ModifiedDate], [Status], [BussinessId], [InvoiceId], [ProductId], [SellingPrice], [Quantity], [TotalPrice], [PropertyId], [BuyingPrice], [ProductSerial], [Warranty], [StockIn], [ConversionRate], [Currency]) VALUES (179, 0, 0, CAST(N'2017-10-04 00:00:00.000' AS DateTime), CAST(N'2017-10-04 00:00:00.000' AS DateTime), 1, 0, 12, 29, CAST(0.00 AS Decimal(18, 2)), CAST(1.00 AS Decimal(18, 2)), CAST(42130.00 AS Decimal(18, 2)), 5, CAST(42130.00 AS Decimal(18, 2)), N'15670/00049632', 12, 37, CAST(1.00 AS Decimal(18, 2)), 1)
INSERT [dbo].[InvoiceDetails] ([Id], [CreatedBy], [ModifiedBy], [CreatedDate], [ModifiedDate], [Status], [BussinessId], [InvoiceId], [ProductId], [SellingPrice], [Quantity], [TotalPrice], [PropertyId], [BuyingPrice], [ProductSerial], [Warranty], [StockIn], [ConversionRate], [Currency]) VALUES (180, 0, 0, CAST(N'2017-10-04 00:00:00.000' AS DateTime), CAST(N'2017-10-04 00:00:00.000' AS DateTime), 1, 0, 12, 29, CAST(0.00 AS Decimal(18, 2)), CAST(1.00 AS Decimal(18, 2)), CAST(42130.00 AS Decimal(18, 2)), 5, CAST(42130.00 AS Decimal(18, 2)), N'15670/00036903', 12, 37, CAST(1.00 AS Decimal(18, 2)), 1)
INSERT [dbo].[InvoiceDetails] ([Id], [CreatedBy], [ModifiedBy], [CreatedDate], [ModifiedDate], [Status], [BussinessId], [InvoiceId], [ProductId], [SellingPrice], [Quantity], [TotalPrice], [PropertyId], [BuyingPrice], [ProductSerial], [Warranty], [StockIn], [ConversionRate], [Currency]) VALUES (181, 0, 0, CAST(N'2017-10-04 00:00:00.000' AS DateTime), CAST(N'2017-10-04 00:00:00.000' AS DateTime), 1, 0, 12, 29, CAST(0.00 AS Decimal(18, 2)), CAST(1.00 AS Decimal(18, 2)), CAST(42130.00 AS Decimal(18, 2)), 5, CAST(42130.00 AS Decimal(18, 2)), N'15670/00037111', 12, 37, CAST(1.00 AS Decimal(18, 2)), 1)
INSERT [dbo].[InvoiceDetails] ([Id], [CreatedBy], [ModifiedBy], [CreatedDate], [ModifiedDate], [Status], [BussinessId], [InvoiceId], [ProductId], [SellingPrice], [Quantity], [TotalPrice], [PropertyId], [BuyingPrice], [ProductSerial], [Warranty], [StockIn], [ConversionRate], [Currency]) VALUES (182, 0, 0, CAST(N'2017-10-04 00:00:00.000' AS DateTime), CAST(N'2017-10-04 00:00:00.000' AS DateTime), 1, 0, 12, 29, CAST(0.00 AS Decimal(18, 2)), CAST(1.00 AS Decimal(18, 2)), CAST(42130.00 AS Decimal(18, 2)), 5, CAST(42130.00 AS Decimal(18, 2)), N'15670/00049832', 12, 37, CAST(1.00 AS Decimal(18, 2)), 1)
INSERT [dbo].[InvoiceDetails] ([Id], [CreatedBy], [ModifiedBy], [CreatedDate], [ModifiedDate], [Status], [BussinessId], [InvoiceId], [ProductId], [SellingPrice], [Quantity], [TotalPrice], [PropertyId], [BuyingPrice], [ProductSerial], [Warranty], [StockIn], [ConversionRate], [Currency]) VALUES (183, 0, 0, CAST(N'2017-10-04 00:00:00.000' AS DateTime), CAST(N'2017-10-04 00:00:00.000' AS DateTime), 1, 0, 13, 29, CAST(48750.00 AS Decimal(18, 2)), CAST(1.00 AS Decimal(18, 2)), CAST(48750.00 AS Decimal(18, 2)), 2, CAST(42130.00 AS Decimal(18, 2)), N'15670/00031811', 12, 38, CAST(1.00 AS Decimal(18, 2)), 1)
INSERT [dbo].[InvoiceDetails] ([Id], [CreatedBy], [ModifiedBy], [CreatedDate], [ModifiedDate], [Status], [BussinessId], [InvoiceId], [ProductId], [SellingPrice], [Quantity], [TotalPrice], [PropertyId], [BuyingPrice], [ProductSerial], [Warranty], [StockIn], [ConversionRate], [Currency]) VALUES (184, 0, 0, CAST(N'2017-10-04 00:00:00.000' AS DateTime), CAST(N'2017-10-04 00:00:00.000' AS DateTime), 1, 0, 13, 29, CAST(48750.00 AS Decimal(18, 2)), CAST(1.00 AS Decimal(18, 2)), CAST(48750.00 AS Decimal(18, 2)), 2, CAST(42130.00 AS Decimal(18, 2)), N'15670/00049763', 12, 38, CAST(1.00 AS Decimal(18, 2)), 1)
INSERT [dbo].[InvoiceDetails] ([Id], [CreatedBy], [ModifiedBy], [CreatedDate], [ModifiedDate], [Status], [BussinessId], [InvoiceId], [ProductId], [SellingPrice], [Quantity], [TotalPrice], [PropertyId], [BuyingPrice], [ProductSerial], [Warranty], [StockIn], [ConversionRate], [Currency]) VALUES (185, 0, 0, CAST(N'2017-10-04 00:00:00.000' AS DateTime), CAST(N'2017-10-04 00:00:00.000' AS DateTime), 1, 0, 14, 27, CAST(52990.00 AS Decimal(18, 2)), CAST(1.00 AS Decimal(18, 2)), CAST(52990.00 AS Decimal(18, 2)), 2, CAST(0.00 AS Decimal(18, 2)), N'15671/00016798', 12, 38, CAST(1.00 AS Decimal(18, 2)), 1)
INSERT [dbo].[InvoiceDetails] ([Id], [CreatedBy], [ModifiedBy], [CreatedDate], [ModifiedDate], [Status], [BussinessId], [InvoiceId], [ProductId], [SellingPrice], [Quantity], [TotalPrice], [PropertyId], [BuyingPrice], [ProductSerial], [Warranty], [StockIn], [ConversionRate], [Currency]) VALUES (186, 0, 0, CAST(N'2017-10-04 00:00:00.000' AS DateTime), CAST(N'2017-10-04 00:00:00.000' AS DateTime), 1, 0, 15, 19, CAST(0.00 AS Decimal(18, 2)), CAST(1.00 AS Decimal(18, 2)), CAST(3300.00 AS Decimal(18, 2)), 5, CAST(3300.00 AS Decimal(18, 2)), N'3305035840334', 0, 37, CAST(1.00 AS Decimal(18, 2)), 1)
INSERT [dbo].[InvoiceDetails] ([Id], [CreatedBy], [ModifiedBy], [CreatedDate], [ModifiedDate], [Status], [BussinessId], [InvoiceId], [ProductId], [SellingPrice], [Quantity], [TotalPrice], [PropertyId], [BuyingPrice], [ProductSerial], [Warranty], [StockIn], [ConversionRate], [Currency]) VALUES (187, 0, 0, CAST(N'2017-10-04 00:00:00.000' AS DateTime), CAST(N'2017-10-04 00:00:00.000' AS DateTime), 1, 0, 15, 19, CAST(0.00 AS Decimal(18, 2)), CAST(1.00 AS Decimal(18, 2)), CAST(3300.00 AS Decimal(18, 2)), 5, CAST(3300.00 AS Decimal(18, 2)), N'3305035859087', 0, 37, CAST(1.00 AS Decimal(18, 2)), 1)
INSERT [dbo].[InvoiceDetails] ([Id], [CreatedBy], [ModifiedBy], [CreatedDate], [ModifiedDate], [Status], [BussinessId], [InvoiceId], [ProductId], [SellingPrice], [Quantity], [TotalPrice], [PropertyId], [BuyingPrice], [ProductSerial], [Warranty], [StockIn], [ConversionRate], [Currency]) VALUES (188, 0, 0, CAST(N'2017-10-04 00:00:00.000' AS DateTime), CAST(N'2017-10-04 00:00:00.000' AS DateTime), 1, 0, 15, 19, CAST(0.00 AS Decimal(18, 2)), CAST(1.00 AS Decimal(18, 2)), CAST(3300.00 AS Decimal(18, 2)), 5, CAST(3300.00 AS Decimal(18, 2)), N'3305035859089', 0, 37, CAST(1.00 AS Decimal(18, 2)), 1)
INSERT [dbo].[InvoiceDetails] ([Id], [CreatedBy], [ModifiedBy], [CreatedDate], [ModifiedDate], [Status], [BussinessId], [InvoiceId], [ProductId], [SellingPrice], [Quantity], [TotalPrice], [PropertyId], [BuyingPrice], [ProductSerial], [Warranty], [StockIn], [ConversionRate], [Currency]) VALUES (189, 0, 0, CAST(N'2017-10-04 00:00:00.000' AS DateTime), CAST(N'2017-10-04 00:00:00.000' AS DateTime), 1, 0, 15, 19, CAST(0.00 AS Decimal(18, 2)), CAST(1.00 AS Decimal(18, 2)), CAST(3300.00 AS Decimal(18, 2)), 5, CAST(3300.00 AS Decimal(18, 2)), N'3305035859094', 0, 37, CAST(1.00 AS Decimal(18, 2)), 1)
INSERT [dbo].[InvoiceDetails] ([Id], [CreatedBy], [ModifiedBy], [CreatedDate], [ModifiedDate], [Status], [BussinessId], [InvoiceId], [ProductId], [SellingPrice], [Quantity], [TotalPrice], [PropertyId], [BuyingPrice], [ProductSerial], [Warranty], [StockIn], [ConversionRate], [Currency]) VALUES (190, 0, 0, CAST(N'2017-10-04 00:00:00.000' AS DateTime), CAST(N'2017-10-04 00:00:00.000' AS DateTime), 1, 0, 15, 19, CAST(0.00 AS Decimal(18, 2)), CAST(1.00 AS Decimal(18, 2)), CAST(3300.00 AS Decimal(18, 2)), 5, CAST(3300.00 AS Decimal(18, 2)), N'3305035859097', 0, 37, CAST(1.00 AS Decimal(18, 2)), 1)
INSERT [dbo].[InvoiceDetails] ([Id], [CreatedBy], [ModifiedBy], [CreatedDate], [ModifiedDate], [Status], [BussinessId], [InvoiceId], [ProductId], [SellingPrice], [Quantity], [TotalPrice], [PropertyId], [BuyingPrice], [ProductSerial], [Warranty], [StockIn], [ConversionRate], [Currency]) VALUES (191, 0, 0, CAST(N'2017-10-04 00:00:00.000' AS DateTime), CAST(N'2017-10-04 00:00:00.000' AS DateTime), 1, 0, 15, 19, CAST(0.00 AS Decimal(18, 2)), CAST(1.00 AS Decimal(18, 2)), CAST(3300.00 AS Decimal(18, 2)), 5, CAST(3300.00 AS Decimal(18, 2)), N'3305035859099', 0, 37, CAST(1.00 AS Decimal(18, 2)), 1)
INSERT [dbo].[InvoiceDetails] ([Id], [CreatedBy], [ModifiedBy], [CreatedDate], [ModifiedDate], [Status], [BussinessId], [InvoiceId], [ProductId], [SellingPrice], [Quantity], [TotalPrice], [PropertyId], [BuyingPrice], [ProductSerial], [Warranty], [StockIn], [ConversionRate], [Currency]) VALUES (192, 0, 0, CAST(N'2017-10-04 00:00:00.000' AS DateTime), CAST(N'2017-10-04 00:00:00.000' AS DateTime), 1, 0, 15, 19, CAST(0.00 AS Decimal(18, 2)), CAST(1.00 AS Decimal(18, 2)), CAST(3300.00 AS Decimal(18, 2)), 5, CAST(3300.00 AS Decimal(18, 2)), N'3305035859117', 0, 37, CAST(1.00 AS Decimal(18, 2)), 1)
INSERT [dbo].[InvoiceDetails] ([Id], [CreatedBy], [ModifiedBy], [CreatedDate], [ModifiedDate], [Status], [BussinessId], [InvoiceId], [ProductId], [SellingPrice], [Quantity], [TotalPrice], [PropertyId], [BuyingPrice], [ProductSerial], [Warranty], [StockIn], [ConversionRate], [Currency]) VALUES (193, 0, 0, CAST(N'2017-10-04 00:00:00.000' AS DateTime), CAST(N'2017-10-04 00:00:00.000' AS DateTime), 1, 0, 15, 19, CAST(0.00 AS Decimal(18, 2)), CAST(1.00 AS Decimal(18, 2)), CAST(3300.00 AS Decimal(18, 2)), 5, CAST(3300.00 AS Decimal(18, 2)), N'3305035859119', 0, 37, CAST(1.00 AS Decimal(18, 2)), 1)
INSERT [dbo].[InvoiceDetails] ([Id], [CreatedBy], [ModifiedBy], [CreatedDate], [ModifiedDate], [Status], [BussinessId], [InvoiceId], [ProductId], [SellingPrice], [Quantity], [TotalPrice], [PropertyId], [BuyingPrice], [ProductSerial], [Warranty], [StockIn], [ConversionRate], [Currency]) VALUES (194, 0, 0, CAST(N'2017-10-04 00:00:00.000' AS DateTime), CAST(N'2017-10-04 00:00:00.000' AS DateTime), 1, 0, 15, 19, CAST(0.00 AS Decimal(18, 2)), CAST(1.00 AS Decimal(18, 2)), CAST(3300.00 AS Decimal(18, 2)), 5, CAST(3300.00 AS Decimal(18, 2)), N'3305035859122', 0, 37, CAST(1.00 AS Decimal(18, 2)), 1)
INSERT [dbo].[InvoiceDetails] ([Id], [CreatedBy], [ModifiedBy], [CreatedDate], [ModifiedDate], [Status], [BussinessId], [InvoiceId], [ProductId], [SellingPrice], [Quantity], [TotalPrice], [PropertyId], [BuyingPrice], [ProductSerial], [Warranty], [StockIn], [ConversionRate], [Currency]) VALUES (195, 0, 0, CAST(N'2017-10-04 00:00:00.000' AS DateTime), CAST(N'2017-10-04 00:00:00.000' AS DateTime), 1, 0, 15, 19, CAST(0.00 AS Decimal(18, 2)), CAST(1.00 AS Decimal(18, 2)), CAST(3300.00 AS Decimal(18, 2)), 5, CAST(3300.00 AS Decimal(18, 2)), N'3305035859086', 0, 37, CAST(1.00 AS Decimal(18, 2)), 1)
INSERT [dbo].[InvoiceDetails] ([Id], [CreatedBy], [ModifiedBy], [CreatedDate], [ModifiedDate], [Status], [BussinessId], [InvoiceId], [ProductId], [SellingPrice], [Quantity], [TotalPrice], [PropertyId], [BuyingPrice], [ProductSerial], [Warranty], [StockIn], [ConversionRate], [Currency]) VALUES (196, 0, 0, CAST(N'2017-10-04 00:00:00.000' AS DateTime), CAST(N'2017-10-04 00:00:00.000' AS DateTime), 1, 0, 15, 19, CAST(0.00 AS Decimal(18, 2)), CAST(1.00 AS Decimal(18, 2)), CAST(3300.00 AS Decimal(18, 2)), 5, CAST(3300.00 AS Decimal(18, 2)), N'3305035859092', 0, 37, CAST(1.00 AS Decimal(18, 2)), 1)
INSERT [dbo].[InvoiceDetails] ([Id], [CreatedBy], [ModifiedBy], [CreatedDate], [ModifiedDate], [Status], [BussinessId], [InvoiceId], [ProductId], [SellingPrice], [Quantity], [TotalPrice], [PropertyId], [BuyingPrice], [ProductSerial], [Warranty], [StockIn], [ConversionRate], [Currency]) VALUES (197, 0, 0, CAST(N'2017-10-04 00:00:00.000' AS DateTime), CAST(N'2017-10-04 00:00:00.000' AS DateTime), 1, 0, 15, 19, CAST(0.00 AS Decimal(18, 2)), CAST(1.00 AS Decimal(18, 2)), CAST(3300.00 AS Decimal(18, 2)), 5, CAST(3300.00 AS Decimal(18, 2)), N'3305035631816', 0, 37, CAST(1.00 AS Decimal(18, 2)), 1)
INSERT [dbo].[InvoiceDetails] ([Id], [CreatedBy], [ModifiedBy], [CreatedDate], [ModifiedDate], [Status], [BussinessId], [InvoiceId], [ProductId], [SellingPrice], [Quantity], [TotalPrice], [PropertyId], [BuyingPrice], [ProductSerial], [Warranty], [StockIn], [ConversionRate], [Currency]) VALUES (198, 0, 0, CAST(N'2017-10-04 00:00:00.000' AS DateTime), CAST(N'2017-10-04 00:00:00.000' AS DateTime), 1, 0, 15, 19, CAST(0.00 AS Decimal(18, 2)), CAST(1.00 AS Decimal(18, 2)), CAST(3300.00 AS Decimal(18, 2)), 5, CAST(3300.00 AS Decimal(18, 2)), N'3305035859098', 0, 37, CAST(1.00 AS Decimal(18, 2)), 1)
INSERT [dbo].[InvoiceDetails] ([Id], [CreatedBy], [ModifiedBy], [CreatedDate], [ModifiedDate], [Status], [BussinessId], [InvoiceId], [ProductId], [SellingPrice], [Quantity], [TotalPrice], [PropertyId], [BuyingPrice], [ProductSerial], [Warranty], [StockIn], [ConversionRate], [Currency]) VALUES (199, 0, 0, CAST(N'2017-10-04 00:00:00.000' AS DateTime), CAST(N'2017-10-04 00:00:00.000' AS DateTime), 1, 0, 15, 19, CAST(0.00 AS Decimal(18, 2)), CAST(1.00 AS Decimal(18, 2)), CAST(3300.00 AS Decimal(18, 2)), 5, CAST(3300.00 AS Decimal(18, 2)), N'3305035859095', 0, 37, CAST(1.00 AS Decimal(18, 2)), 1)
GO
INSERT [dbo].[InvoiceDetails] ([Id], [CreatedBy], [ModifiedBy], [CreatedDate], [ModifiedDate], [Status], [BussinessId], [InvoiceId], [ProductId], [SellingPrice], [Quantity], [TotalPrice], [PropertyId], [BuyingPrice], [ProductSerial], [Warranty], [StockIn], [ConversionRate], [Currency]) VALUES (200, 0, 0, CAST(N'2017-10-04 00:00:00.000' AS DateTime), CAST(N'2017-10-04 00:00:00.000' AS DateTime), 1, 0, 15, 19, CAST(0.00 AS Decimal(18, 2)), CAST(1.00 AS Decimal(18, 2)), CAST(3300.00 AS Decimal(18, 2)), 5, CAST(3300.00 AS Decimal(18, 2)), N'3305035859116', 0, 37, CAST(1.00 AS Decimal(18, 2)), 1)
INSERT [dbo].[InvoiceDetails] ([Id], [CreatedBy], [ModifiedBy], [CreatedDate], [ModifiedDate], [Status], [BussinessId], [InvoiceId], [ProductId], [SellingPrice], [Quantity], [TotalPrice], [PropertyId], [BuyingPrice], [ProductSerial], [Warranty], [StockIn], [ConversionRate], [Currency]) VALUES (201, 0, 0, CAST(N'2017-10-04 00:00:00.000' AS DateTime), CAST(N'2017-10-04 00:00:00.000' AS DateTime), 1, 0, 15, 19, CAST(0.00 AS Decimal(18, 2)), CAST(1.00 AS Decimal(18, 2)), CAST(3300.00 AS Decimal(18, 2)), 5, CAST(3300.00 AS Decimal(18, 2)), N'3305035859120', 0, 37, CAST(1.00 AS Decimal(18, 2)), 1)
INSERT [dbo].[InvoiceDetails] ([Id], [CreatedBy], [ModifiedBy], [CreatedDate], [ModifiedDate], [Status], [BussinessId], [InvoiceId], [ProductId], [SellingPrice], [Quantity], [TotalPrice], [PropertyId], [BuyingPrice], [ProductSerial], [Warranty], [StockIn], [ConversionRate], [Currency]) VALUES (202, 0, 0, CAST(N'2017-10-04 00:00:00.000' AS DateTime), CAST(N'2017-10-04 00:00:00.000' AS DateTime), 1, 0, 15, 19, CAST(0.00 AS Decimal(18, 2)), CAST(1.00 AS Decimal(18, 2)), CAST(3300.00 AS Decimal(18, 2)), 5, CAST(3300.00 AS Decimal(18, 2)), N'3305035859124', 0, 37, CAST(1.00 AS Decimal(18, 2)), 1)
INSERT [dbo].[InvoiceDetails] ([Id], [CreatedBy], [ModifiedBy], [CreatedDate], [ModifiedDate], [Status], [BussinessId], [InvoiceId], [ProductId], [SellingPrice], [Quantity], [TotalPrice], [PropertyId], [BuyingPrice], [ProductSerial], [Warranty], [StockIn], [ConversionRate], [Currency]) VALUES (203, 0, 0, CAST(N'2017-10-04 00:00:00.000' AS DateTime), CAST(N'2017-10-04 00:00:00.000' AS DateTime), 1, 0, 15, 19, CAST(0.00 AS Decimal(18, 2)), CAST(1.00 AS Decimal(18, 2)), CAST(3300.00 AS Decimal(18, 2)), 5, CAST(3300.00 AS Decimal(18, 2)), N'3305035859088', 0, 37, CAST(1.00 AS Decimal(18, 2)), 1)
INSERT [dbo].[InvoiceDetails] ([Id], [CreatedBy], [ModifiedBy], [CreatedDate], [ModifiedDate], [Status], [BussinessId], [InvoiceId], [ProductId], [SellingPrice], [Quantity], [TotalPrice], [PropertyId], [BuyingPrice], [ProductSerial], [Warranty], [StockIn], [ConversionRate], [Currency]) VALUES (204, 0, 0, CAST(N'2017-10-04 00:00:00.000' AS DateTime), CAST(N'2017-10-04 00:00:00.000' AS DateTime), 1, 0, 15, 19, CAST(0.00 AS Decimal(18, 2)), CAST(1.00 AS Decimal(18, 2)), CAST(3300.00 AS Decimal(18, 2)), 5, CAST(3300.00 AS Decimal(18, 2)), N'3305035859093', 0, 37, CAST(1.00 AS Decimal(18, 2)), 1)
INSERT [dbo].[InvoiceDetails] ([Id], [CreatedBy], [ModifiedBy], [CreatedDate], [ModifiedDate], [Status], [BussinessId], [InvoiceId], [ProductId], [SellingPrice], [Quantity], [TotalPrice], [PropertyId], [BuyingPrice], [ProductSerial], [Warranty], [StockIn], [ConversionRate], [Currency]) VALUES (205, 0, 0, CAST(N'2017-10-04 00:00:00.000' AS DateTime), CAST(N'2017-10-04 00:00:00.000' AS DateTime), 1, 0, 15, 19, CAST(0.00 AS Decimal(18, 2)), CAST(1.00 AS Decimal(18, 2)), CAST(3300.00 AS Decimal(18, 2)), 5, CAST(3300.00 AS Decimal(18, 2)), N'3305035631849', 0, 37, CAST(1.00 AS Decimal(18, 2)), 1)
INSERT [dbo].[InvoiceDetails] ([Id], [CreatedBy], [ModifiedBy], [CreatedDate], [ModifiedDate], [Status], [BussinessId], [InvoiceId], [ProductId], [SellingPrice], [Quantity], [TotalPrice], [PropertyId], [BuyingPrice], [ProductSerial], [Warranty], [StockIn], [ConversionRate], [Currency]) VALUES (206, 0, 0, CAST(N'2017-10-04 00:00:00.000' AS DateTime), CAST(N'2017-10-04 00:00:00.000' AS DateTime), 1, 0, 15, 19, CAST(0.00 AS Decimal(18, 2)), CAST(1.00 AS Decimal(18, 2)), CAST(3300.00 AS Decimal(18, 2)), 5, CAST(3300.00 AS Decimal(18, 2)), N'3305035859090', 0, 37, CAST(1.00 AS Decimal(18, 2)), 1)
INSERT [dbo].[InvoiceDetails] ([Id], [CreatedBy], [ModifiedBy], [CreatedDate], [ModifiedDate], [Status], [BussinessId], [InvoiceId], [ProductId], [SellingPrice], [Quantity], [TotalPrice], [PropertyId], [BuyingPrice], [ProductSerial], [Warranty], [StockIn], [ConversionRate], [Currency]) VALUES (207, 0, 0, CAST(N'2017-10-04 00:00:00.000' AS DateTime), CAST(N'2017-10-04 00:00:00.000' AS DateTime), 1, 0, 15, 19, CAST(0.00 AS Decimal(18, 2)), CAST(1.00 AS Decimal(18, 2)), CAST(3300.00 AS Decimal(18, 2)), 5, CAST(3300.00 AS Decimal(18, 2)), N'3305035859096', 0, 37, CAST(1.00 AS Decimal(18, 2)), 1)
INSERT [dbo].[InvoiceDetails] ([Id], [CreatedBy], [ModifiedBy], [CreatedDate], [ModifiedDate], [Status], [BussinessId], [InvoiceId], [ProductId], [SellingPrice], [Quantity], [TotalPrice], [PropertyId], [BuyingPrice], [ProductSerial], [Warranty], [StockIn], [ConversionRate], [Currency]) VALUES (208, 0, 0, CAST(N'2017-10-04 00:00:00.000' AS DateTime), CAST(N'2017-10-04 00:00:00.000' AS DateTime), 1, 0, 15, 19, CAST(0.00 AS Decimal(18, 2)), CAST(1.00 AS Decimal(18, 2)), CAST(3300.00 AS Decimal(18, 2)), 5, CAST(3300.00 AS Decimal(18, 2)), N'3305035859118', 0, 37, CAST(1.00 AS Decimal(18, 2)), 1)
INSERT [dbo].[InvoiceDetails] ([Id], [CreatedBy], [ModifiedBy], [CreatedDate], [ModifiedDate], [Status], [BussinessId], [InvoiceId], [ProductId], [SellingPrice], [Quantity], [TotalPrice], [PropertyId], [BuyingPrice], [ProductSerial], [Warranty], [StockIn], [ConversionRate], [Currency]) VALUES (209, 0, 0, CAST(N'2017-10-04 00:00:00.000' AS DateTime), CAST(N'2017-10-04 00:00:00.000' AS DateTime), 1, 0, 15, 19, CAST(0.00 AS Decimal(18, 2)), CAST(1.00 AS Decimal(18, 2)), CAST(3300.00 AS Decimal(18, 2)), 5, CAST(3300.00 AS Decimal(18, 2)), N'3305035859121', 0, 37, CAST(1.00 AS Decimal(18, 2)), 1)
INSERT [dbo].[InvoiceDetails] ([Id], [CreatedBy], [ModifiedBy], [CreatedDate], [ModifiedDate], [Status], [BussinessId], [InvoiceId], [ProductId], [SellingPrice], [Quantity], [TotalPrice], [PropertyId], [BuyingPrice], [ProductSerial], [Warranty], [StockIn], [ConversionRate], [Currency]) VALUES (210, 0, 0, CAST(N'2017-10-04 00:00:00.000' AS DateTime), CAST(N'2017-10-04 00:00:00.000' AS DateTime), 1, 0, 15, 19, CAST(0.00 AS Decimal(18, 2)), CAST(1.00 AS Decimal(18, 2)), CAST(3300.00 AS Decimal(18, 2)), 5, CAST(3300.00 AS Decimal(18, 2)), N'3305035859100', 0, 37, CAST(1.00 AS Decimal(18, 2)), 1)
SET IDENTITY_INSERT [dbo].[InvoiceDetails] OFF
SET IDENTITY_INSERT [dbo].[InvoiceInfo] ON 

INSERT [dbo].[InvoiceInfo] ([Id], [CreatedBy], [ModifiedBy], [CreatedDate], [ModifiedDate], [Status], [BussinessId], [InvoiceNo], [PartyId], [SubTotal], [ServiceCharge], [Discount], [Vat], [GrandTotal], [InvoiceReferenceId], [PropertyId], [Remarks], [InvoiceDate], [DebitId], [CreditId], [PartyName], [PartyAddress], [ProcessBy], [ApprovedBy], [ReferenceNo], [ConversionRate], [Currency]) VALUES (1, 0, 0, CAST(N'2017-10-03 00:00:00.000' AS DateTime), CAST(N'2017-10-03 00:00:00.000' AS DateTime), 1, 0, N'RGC20171003I1', 20023, CAST(4710 AS Decimal(18, 0)), CAST(0 AS Decimal(18, 0)), CAST(0.00 AS Decimal(18, 2)), CAST(0.00 AS Decimal(18, 2)), CAST(4710 AS Decimal(18, 0)), NULL, 5, NULL, CAST(N'2017-10-03 00:00:00.000' AS DateTime), 2, 20023, NULL, NULL, 0, 0, N'', CAST(1.00 AS Decimal(18, 2)), 1)
INSERT [dbo].[InvoiceInfo] ([Id], [CreatedBy], [ModifiedBy], [CreatedDate], [ModifiedDate], [Status], [BussinessId], [InvoiceNo], [PartyId], [SubTotal], [ServiceCharge], [Discount], [Vat], [GrandTotal], [InvoiceReferenceId], [PropertyId], [Remarks], [InvoiceDate], [DebitId], [CreditId], [PartyName], [PartyAddress], [ProcessBy], [ApprovedBy], [ReferenceNo], [ConversionRate], [Currency]) VALUES (2, 0, 0, CAST(N'2017-10-03 00:00:00.000' AS DateTime), CAST(N'2017-10-03 00:00:00.000' AS DateTime), 1, 0, N'RGC20171003I1', 50038, CAST(3300 AS Decimal(18, 0)), CAST(0 AS Decimal(18, 0)), CAST(0.00 AS Decimal(18, 2)), CAST(0.00 AS Decimal(18, 2)), CAST(3300 AS Decimal(18, 0)), NULL, 2, NULL, CAST(N'2017-10-03 18:39:01.000' AS DateTime), 50038, 1, N'Mr. ABC', N'Dhaka', 0, 0, N'', CAST(1.00 AS Decimal(18, 2)), 1)
INSERT [dbo].[InvoiceInfo] ([Id], [CreatedBy], [ModifiedBy], [CreatedDate], [ModifiedDate], [Status], [BussinessId], [InvoiceNo], [PartyId], [SubTotal], [ServiceCharge], [Discount], [Vat], [GrandTotal], [InvoiceReferenceId], [PropertyId], [Remarks], [InvoiceDate], [DebitId], [CreditId], [PartyName], [PartyAddress], [ProcessBy], [ApprovedBy], [ReferenceNo], [ConversionRate], [Currency]) VALUES (3, 0, 0, CAST(N'2017-10-03 00:00:00.000' AS DateTime), CAST(N'2017-10-03 00:00:00.000' AS DateTime), 1, 0, N'RGC20171003I1', 0, CAST(1650 AS Decimal(18, 0)), CAST(0 AS Decimal(18, 0)), CAST(0.00 AS Decimal(18, 2)), CAST(0.00 AS Decimal(18, 2)), CAST(1650 AS Decimal(18, 0)), NULL, 4, NULL, CAST(N'2017-10-03 18:49:47.000' AS DateTime), 1, 0, NULL, NULL, 0, 0, N'', CAST(1.00 AS Decimal(18, 2)), 1)
INSERT [dbo].[InvoiceInfo] ([Id], [CreatedBy], [ModifiedBy], [CreatedDate], [ModifiedDate], [Status], [BussinessId], [InvoiceNo], [PartyId], [SubTotal], [ServiceCharge], [Discount], [Vat], [GrandTotal], [InvoiceReferenceId], [PropertyId], [Remarks], [InvoiceDate], [DebitId], [CreditId], [PartyName], [PartyAddress], [ProcessBy], [ApprovedBy], [ReferenceNo], [ConversionRate], [Currency]) VALUES (4, 0, 0, CAST(N'2017-10-03 00:00:00.000' AS DateTime), CAST(N'2017-10-03 00:00:00.000' AS DateTime), 1, 0, N'RGC20171003I1', 50038, CAST(1650 AS Decimal(18, 0)), CAST(0 AS Decimal(18, 0)), CAST(0.00 AS Decimal(18, 2)), CAST(0.00 AS Decimal(18, 2)), CAST(1650 AS Decimal(18, 0)), NULL, 3, NULL, CAST(N'2017-10-03 18:57:02.000' AS DateTime), 0, 0, N'Mr. ABC', N'Dhaka', 0, 0, N'', CAST(1.00 AS Decimal(18, 2)), 1)
INSERT [dbo].[InvoiceInfo] ([Id], [CreatedBy], [ModifiedBy], [CreatedDate], [ModifiedDate], [Status], [BussinessId], [InvoiceNo], [PartyId], [SubTotal], [ServiceCharge], [Discount], [Vat], [GrandTotal], [InvoiceReferenceId], [PropertyId], [Remarks], [InvoiceDate], [DebitId], [CreditId], [PartyName], [PartyAddress], [ProcessBy], [ApprovedBy], [ReferenceNo], [ConversionRate], [Currency]) VALUES (5, 0, 0, CAST(N'2017-10-03 00:00:00.000' AS DateTime), CAST(N'2017-10-03 00:00:00.000' AS DateTime), 1, 0, N'RGC20171003I2', 0, CAST(1650 AS Decimal(18, 0)), CAST(0 AS Decimal(18, 0)), CAST(0.00 AS Decimal(18, 2)), CAST(0.00 AS Decimal(18, 2)), CAST(1650 AS Decimal(18, 0)), NULL, 4, NULL, CAST(N'2017-10-03 18:58:10.000' AS DateTime), 1, 0, NULL, NULL, 0, 0, N'', CAST(1.00 AS Decimal(18, 2)), 1)
INSERT [dbo].[InvoiceInfo] ([Id], [CreatedBy], [ModifiedBy], [CreatedDate], [ModifiedDate], [Status], [BussinessId], [InvoiceNo], [PartyId], [SubTotal], [ServiceCharge], [Discount], [Vat], [GrandTotal], [InvoiceReferenceId], [PropertyId], [Remarks], [InvoiceDate], [DebitId], [CreditId], [PartyName], [PartyAddress], [ProcessBy], [ApprovedBy], [ReferenceNo], [ConversionRate], [Currency]) VALUES (6, 0, 0, CAST(N'2017-10-03 00:00:00.000' AS DateTime), CAST(N'2017-10-03 00:00:00.000' AS DateTime), 1, 0, N'RGC20171003I1', 20023, CAST(1570 AS Decimal(18, 0)), CAST(0 AS Decimal(18, 0)), CAST(0.00 AS Decimal(18, 2)), CAST(0.00 AS Decimal(18, 2)), CAST(1570 AS Decimal(18, 0)), NULL, 7, NULL, CAST(N'2017-10-03 00:00:00.000' AS DateTime), 5, 3, NULL, NULL, 0, 0, N'', CAST(1.00 AS Decimal(18, 2)), 1)
INSERT [dbo].[InvoiceInfo] ([Id], [CreatedBy], [ModifiedBy], [CreatedDate], [ModifiedDate], [Status], [BussinessId], [InvoiceNo], [PartyId], [SubTotal], [ServiceCharge], [Discount], [Vat], [GrandTotal], [InvoiceReferenceId], [PropertyId], [Remarks], [InvoiceDate], [DebitId], [CreditId], [PartyName], [PartyAddress], [ProcessBy], [ApprovedBy], [ReferenceNo], [ConversionRate], [Currency]) VALUES (7, 0, 0, CAST(N'2017-10-03 00:00:00.000' AS DateTime), CAST(N'2017-10-03 00:00:00.000' AS DateTime), 1, 0, N'RGC20171003I2', 14, CAST(1570 AS Decimal(18, 0)), CAST(0 AS Decimal(18, 0)), CAST(0.00 AS Decimal(18, 2)), CAST(0.00 AS Decimal(18, 2)), CAST(1570 AS Decimal(18, 0)), NULL, 5, NULL, CAST(N'2017-10-03 00:00:00.000' AS DateTime), 2, 14, NULL, NULL, 0, 0, N'', CAST(1.00 AS Decimal(18, 2)), 1)
INSERT [dbo].[InvoiceInfo] ([Id], [CreatedBy], [ModifiedBy], [CreatedDate], [ModifiedDate], [Status], [BussinessId], [InvoiceNo], [PartyId], [SubTotal], [ServiceCharge], [Discount], [Vat], [GrandTotal], [InvoiceReferenceId], [PropertyId], [Remarks], [InvoiceDate], [DebitId], [CreditId], [PartyName], [PartyAddress], [ProcessBy], [ApprovedBy], [ReferenceNo], [ConversionRate], [Currency]) VALUES (8, 0, 0, CAST(N'2017-10-03 00:00:00.000' AS DateTime), CAST(N'2017-10-03 00:00:00.000' AS DateTime), 1, 0, N'RGC20171003I2', 0, CAST(1650 AS Decimal(18, 0)), CAST(0 AS Decimal(18, 0)), CAST(0.00 AS Decimal(18, 2)), CAST(0.00 AS Decimal(18, 2)), CAST(1650 AS Decimal(18, 0)), NULL, 2, NULL, CAST(N'2017-10-03 19:04:08.000' AS DateTime), 0, 1, NULL, NULL, 0, 0, NULL, CAST(1.00 AS Decimal(18, 2)), 1)
INSERT [dbo].[InvoiceInfo] ([Id], [CreatedBy], [ModifiedBy], [CreatedDate], [ModifiedDate], [Status], [BussinessId], [InvoiceNo], [PartyId], [SubTotal], [ServiceCharge], [Discount], [Vat], [GrandTotal], [InvoiceReferenceId], [PropertyId], [Remarks], [InvoiceDate], [DebitId], [CreditId], [PartyName], [PartyAddress], [ProcessBy], [ApprovedBy], [ReferenceNo], [ConversionRate], [Currency]) VALUES (9, 0, 0, CAST(N'2017-10-03 00:00:00.000' AS DateTime), CAST(N'2017-10-03 00:00:00.000' AS DateTime), 1, 0, N'RGC20171003I3', 14, CAST(1570 AS Decimal(18, 0)), CAST(0 AS Decimal(18, 0)), CAST(0.00 AS Decimal(18, 2)), CAST(0.00 AS Decimal(18, 2)), CAST(1570 AS Decimal(18, 0)), NULL, 5, NULL, CAST(N'2017-10-03 00:00:00.000' AS DateTime), 2, 14, NULL, NULL, 0, 0, N'', CAST(1.00 AS Decimal(18, 2)), 1)
INSERT [dbo].[InvoiceInfo] ([Id], [CreatedBy], [ModifiedBy], [CreatedDate], [ModifiedDate], [Status], [BussinessId], [InvoiceNo], [PartyId], [SubTotal], [ServiceCharge], [Discount], [Vat], [GrandTotal], [InvoiceReferenceId], [PropertyId], [Remarks], [InvoiceDate], [DebitId], [CreditId], [PartyName], [PartyAddress], [ProcessBy], [ApprovedBy], [ReferenceNo], [ConversionRate], [Currency]) VALUES (10, 0, 0, CAST(N'2017-10-04 00:00:00.000' AS DateTime), CAST(N'2017-10-04 00:00:00.000' AS DateTime), 1, 0, N'RGC20171004I4', 14, CAST(6709700 AS Decimal(18, 0)), CAST(0 AS Decimal(18, 0)), CAST(0.00 AS Decimal(18, 2)), CAST(0.00 AS Decimal(18, 2)), CAST(6709700 AS Decimal(18, 0)), NULL, 5, NULL, CAST(N'2017-09-26 00:00:00.000' AS DateTime), 2, 14, NULL, NULL, 0, 0, N'', CAST(1.00 AS Decimal(18, 2)), 1)
INSERT [dbo].[InvoiceInfo] ([Id], [CreatedBy], [ModifiedBy], [CreatedDate], [ModifiedDate], [Status], [BussinessId], [InvoiceNo], [PartyId], [SubTotal], [ServiceCharge], [Discount], [Vat], [GrandTotal], [InvoiceReferenceId], [PropertyId], [Remarks], [InvoiceDate], [DebitId], [CreditId], [PartyName], [PartyAddress], [ProcessBy], [ApprovedBy], [ReferenceNo], [ConversionRate], [Currency]) VALUES (11, 0, 0, CAST(N'2017-10-04 00:00:00.000' AS DateTime), CAST(N'2017-10-04 00:00:00.000' AS DateTime), 1, 0, N'RGC20171004I5', 14, CAST(842600 AS Decimal(18, 0)), CAST(0 AS Decimal(18, 0)), CAST(0.00 AS Decimal(18, 2)), CAST(0.00 AS Decimal(18, 2)), CAST(842600 AS Decimal(18, 0)), NULL, 5, NULL, CAST(N'2017-09-26 00:00:00.000' AS DateTime), 2, 14, NULL, NULL, 0, 0, N'', CAST(1.00 AS Decimal(18, 2)), 1)
INSERT [dbo].[InvoiceInfo] ([Id], [CreatedBy], [ModifiedBy], [CreatedDate], [ModifiedDate], [Status], [BussinessId], [InvoiceNo], [PartyId], [SubTotal], [ServiceCharge], [Discount], [Vat], [GrandTotal], [InvoiceReferenceId], [PropertyId], [Remarks], [InvoiceDate], [DebitId], [CreditId], [PartyName], [PartyAddress], [ProcessBy], [ApprovedBy], [ReferenceNo], [ConversionRate], [Currency]) VALUES (12, 0, 0, CAST(N'2017-10-04 00:00:00.000' AS DateTime), CAST(N'2017-10-04 00:00:00.000' AS DateTime), 1, 0, N'RGC20171004I6', 14, CAST(2106500 AS Decimal(18, 0)), CAST(0 AS Decimal(18, 0)), CAST(0.00 AS Decimal(18, 2)), CAST(0.00 AS Decimal(18, 2)), CAST(2106500 AS Decimal(18, 0)), NULL, 5, NULL, CAST(N'2017-09-26 00:00:00.000' AS DateTime), 2, 14, NULL, NULL, 0, 0, N'', CAST(1.00 AS Decimal(18, 2)), 1)
INSERT [dbo].[InvoiceInfo] ([Id], [CreatedBy], [ModifiedBy], [CreatedDate], [ModifiedDate], [Status], [BussinessId], [InvoiceNo], [PartyId], [SubTotal], [ServiceCharge], [Discount], [Vat], [GrandTotal], [InvoiceReferenceId], [PropertyId], [Remarks], [InvoiceDate], [DebitId], [CreditId], [PartyName], [PartyAddress], [ProcessBy], [ApprovedBy], [ReferenceNo], [ConversionRate], [Currency]) VALUES (13, 0, 0, CAST(N'2017-10-04 00:00:00.000' AS DateTime), CAST(N'2017-10-04 00:00:00.000' AS DateTime), 1, 0, N'RGC20171004I3', 10021, CAST(97500 AS Decimal(18, 0)), CAST(0 AS Decimal(18, 0)), CAST(0.00 AS Decimal(18, 2)), CAST(0.00 AS Decimal(18, 2)), CAST(97500 AS Decimal(18, 0)), NULL, 2, NULL, CAST(N'2017-09-24 00:00:00.000' AS DateTime), 10021, 1, N'eStore Tokyo Squire', N'639 Tokyo Square Shopping  Centre, Japan Garden City,Ring Road, Mohammadpur, Dhaka 1207.', 0, 0, N'', CAST(1.00 AS Decimal(18, 2)), 1)
INSERT [dbo].[InvoiceInfo] ([Id], [CreatedBy], [ModifiedBy], [CreatedDate], [ModifiedDate], [Status], [BussinessId], [InvoiceNo], [PartyId], [SubTotal], [ServiceCharge], [Discount], [Vat], [GrandTotal], [InvoiceReferenceId], [PropertyId], [Remarks], [InvoiceDate], [DebitId], [CreditId], [PartyName], [PartyAddress], [ProcessBy], [ApprovedBy], [ReferenceNo], [ConversionRate], [Currency]) VALUES (14, 0, 0, CAST(N'2017-10-04 00:00:00.000' AS DateTime), CAST(N'2017-10-04 00:00:00.000' AS DateTime), 1, 0, N'RGC20171004I4', 50039, CAST(52990 AS Decimal(18, 0)), CAST(0 AS Decimal(18, 0)), CAST(0.00 AS Decimal(18, 2)), CAST(0.00 AS Decimal(18, 2)), CAST(52990 AS Decimal(18, 0)), NULL, 2, NULL, CAST(N'2017-10-03 00:00:00.000' AS DateTime), 50039, 1, N'Mr. Sadat', N'One Bank Ltd. Kawran Bazer, Dhaka. Contact No. 01958445566', 0, 0, NULL, CAST(1.00 AS Decimal(18, 2)), 1)
INSERT [dbo].[InvoiceInfo] ([Id], [CreatedBy], [ModifiedBy], [CreatedDate], [ModifiedDate], [Status], [BussinessId], [InvoiceNo], [PartyId], [SubTotal], [ServiceCharge], [Discount], [Vat], [GrandTotal], [InvoiceReferenceId], [PropertyId], [Remarks], [InvoiceDate], [DebitId], [CreditId], [PartyName], [PartyAddress], [ProcessBy], [ApprovedBy], [ReferenceNo], [ConversionRate], [Currency]) VALUES (15, 0, 0, CAST(N'2017-10-04 00:00:00.000' AS DateTime), CAST(N'2017-10-04 00:00:00.000' AS DateTime), 1, 0, N'RGC20171004I7', 20023, CAST(82500 AS Decimal(18, 0)), CAST(0 AS Decimal(18, 0)), CAST(0.00 AS Decimal(18, 2)), CAST(0.00 AS Decimal(18, 2)), CAST(82500 AS Decimal(18, 0)), NULL, 5, NULL, CAST(N'2017-10-03 00:00:00.000' AS DateTime), 2, 20023, NULL, NULL, 0, 0, N'', CAST(1.00 AS Decimal(18, 2)), 1)
SET IDENTITY_INSERT [dbo].[InvoiceInfo] OFF
SET IDENTITY_INSERT [dbo].[Ledger] ON 

INSERT [dbo].[Ledger] ([Id], [CreatedBy], [ModifiedBy], [CreatedDate], [ModifiedDate], [Status], [BussinessId], [Name], [LedgerGroupId], [Description], [PropertyId], [Code], [ContactPerson], [Address1], [Address2], [Mobile1], [Mobile2], [Email], [Visible]) VALUES (1, 3, 3, CAST(N'2017-02-22 00:51:46.450' AS DateTime), CAST(N'2017-02-22 00:51:46.450' AS DateTime), 1, 0, N'Sales', 3, NULL, 0, NULL, NULL, NULL, NULL, NULL, NULL, NULL, NULL)
INSERT [dbo].[Ledger] ([Id], [CreatedBy], [ModifiedBy], [CreatedDate], [ModifiedDate], [Status], [BussinessId], [Name], [LedgerGroupId], [Description], [PropertyId], [Code], [ContactPerson], [Address1], [Address2], [Mobile1], [Mobile2], [Email], [Visible]) VALUES (2, 3, 3, CAST(N'2017-02-22 00:52:01.147' AS DateTime), CAST(N'2017-02-22 00:52:01.147' AS DateTime), 1, 0, N'Purchase', 4, NULL, 0, NULL, NULL, NULL, NULL, NULL, NULL, NULL, NULL)
INSERT [dbo].[Ledger] ([Id], [CreatedBy], [ModifiedBy], [CreatedDate], [ModifiedDate], [Status], [BussinessId], [Name], [LedgerGroupId], [Description], [PropertyId], [Code], [ContactPerson], [Address1], [Address2], [Mobile1], [Mobile2], [Email], [Visible]) VALUES (3, 3, 3, CAST(N'2017-02-22 00:52:12.483' AS DateTime), CAST(N'2017-02-22 00:52:12.483' AS DateTime), 1, 0, N'Current Stock', 5, NULL, 0, NULL, NULL, NULL, NULL, NULL, NULL, NULL, NULL)
INSERT [dbo].[Ledger] ([Id], [CreatedBy], [ModifiedBy], [CreatedDate], [ModifiedDate], [Status], [BussinessId], [Name], [LedgerGroupId], [Description], [PropertyId], [Code], [ContactPerson], [Address1], [Address2], [Mobile1], [Mobile2], [Email], [Visible]) VALUES (4, 3, 3, CAST(N'2017-02-22 01:09:57.753' AS DateTime), CAST(N'2017-02-22 01:12:03.123' AS DateTime), 1, 0, N'Bonus Income', 7, NULL, 0, NULL, NULL, NULL, NULL, NULL, NULL, NULL, NULL)
INSERT [dbo].[Ledger] ([Id], [CreatedBy], [ModifiedBy], [CreatedDate], [ModifiedDate], [Status], [BussinessId], [Name], [LedgerGroupId], [Description], [PropertyId], [Code], [ContactPerson], [Address1], [Address2], [Mobile1], [Mobile2], [Email], [Visible]) VALUES (5, 3, 3, CAST(N'2017-02-22 01:12:42.950' AS DateTime), CAST(N'2017-02-22 01:12:42.950' AS DateTime), 1, 0, N'Product Expire Expense', 8, NULL, 0, NULL, NULL, NULL, NULL, NULL, NULL, NULL, NULL)
INSERT [dbo].[Ledger] ([Id], [CreatedBy], [ModifiedBy], [CreatedDate], [ModifiedDate], [Status], [BussinessId], [Name], [LedgerGroupId], [Description], [PropertyId], [Code], [ContactPerson], [Address1], [Address2], [Mobile1], [Mobile2], [Email], [Visible]) VALUES (6, 0, 0, CAST(N'2017-05-08 00:00:00.000' AS DateTime), CAST(N'2017-05-08 00:00:00.000' AS DateTime), 1, 0, N'Profit Income', 6, NULL, 0, N'asdasd', NULL, NULL, NULL, NULL, NULL, NULL, 0)
INSERT [dbo].[Ledger] ([Id], [CreatedBy], [ModifiedBy], [CreatedDate], [ModifiedDate], [Status], [BussinessId], [Name], [LedgerGroupId], [Description], [PropertyId], [Code], [ContactPerson], [Address1], [Address2], [Mobile1], [Mobile2], [Email], [Visible]) VALUES (7, 0, 0, CAST(N'2017-05-08 00:00:00.000' AS DateTime), CAST(N'2017-05-08 00:00:00.000' AS DateTime), 1, 0, N'Purchase Discount', 8, NULL, 0, N'dfgdfg', NULL, NULL, NULL, NULL, NULL, NULL, 0)
INSERT [dbo].[Ledger] ([Id], [CreatedBy], [ModifiedBy], [CreatedDate], [ModifiedDate], [Status], [BussinessId], [Name], [LedgerGroupId], [Description], [PropertyId], [Code], [ContactPerson], [Address1], [Address2], [Mobile1], [Mobile2], [Email], [Visible]) VALUES (8, 0, 0, CAST(N'2017-05-08 00:00:00.000' AS DateTime), CAST(N'2017-05-08 00:00:00.000' AS DateTime), 1, 0, N'Sales Discount', 7, NULL, 0, N'dfgdfg', NULL, NULL, NULL, NULL, NULL, NULL, 0)
INSERT [dbo].[Ledger] ([Id], [CreatedBy], [ModifiedBy], [CreatedDate], [ModifiedDate], [Status], [BussinessId], [Name], [LedgerGroupId], [Description], [PropertyId], [Code], [ContactPerson], [Address1], [Address2], [Mobile1], [Mobile2], [Email], [Visible]) VALUES (9, 0, 0, CAST(N'2017-05-17 00:00:00.000' AS DateTime), CAST(N'2017-05-17 00:00:00.000' AS DateTime), 1, 0, N'Purchase Vat', 8, NULL, 0, NULL, NULL, NULL, NULL, NULL, NULL, NULL, NULL)
INSERT [dbo].[Ledger] ([Id], [CreatedBy], [ModifiedBy], [CreatedDate], [ModifiedDate], [Status], [BussinessId], [Name], [LedgerGroupId], [Description], [PropertyId], [Code], [ContactPerson], [Address1], [Address2], [Mobile1], [Mobile2], [Email], [Visible]) VALUES (10, 0, 0, CAST(N'2017-05-17 00:00:00.000' AS DateTime), CAST(N'2017-05-17 00:00:00.000' AS DateTime), 1, 0, N'Sales Vat', 7, NULL, 0, NULL, NULL, NULL, NULL, NULL, NULL, NULL, NULL)
INSERT [dbo].[Ledger] ([Id], [CreatedBy], [ModifiedBy], [CreatedDate], [ModifiedDate], [Status], [BussinessId], [Name], [LedgerGroupId], [Description], [PropertyId], [Code], [ContactPerson], [Address1], [Address2], [Mobile1], [Mobile2], [Email], [Visible]) VALUES (11, 0, 0, CAST(N'2017-05-17 00:00:00.000' AS DateTime), CAST(N'2017-05-17 00:00:00.000' AS DateTime), 1, 0, N'Purchase Service Charge', 8, NULL, 0, NULL, NULL, NULL, NULL, NULL, NULL, NULL, NULL)
INSERT [dbo].[Ledger] ([Id], [CreatedBy], [ModifiedBy], [CreatedDate], [ModifiedDate], [Status], [BussinessId], [Name], [LedgerGroupId], [Description], [PropertyId], [Code], [ContactPerson], [Address1], [Address2], [Mobile1], [Mobile2], [Email], [Visible]) VALUES (12, 0, 0, CAST(N'2017-05-17 00:00:00.000' AS DateTime), CAST(N'2017-05-17 00:00:00.000' AS DateTime), 1, 0, N'Sales Service Charge', 7, NULL, 0, NULL, NULL, NULL, NULL, NULL, NULL, NULL, NULL)
INSERT [dbo].[Ledger] ([Id], [CreatedBy], [ModifiedBy], [CreatedDate], [ModifiedDate], [Status], [BussinessId], [Name], [LedgerGroupId], [Description], [PropertyId], [Code], [ContactPerson], [Address1], [Address2], [Mobile1], [Mobile2], [Email], [Visible]) VALUES (13, 0, 0, CAST(N'2017-05-18 00:00:00.000' AS DateTime), CAST(N'2017-06-03 00:00:00.000' AS DateTime), 1, 0, N'Silver water Technologies Bangladesh Ltd', 2, NULL, 14, N'Silver water Technologies Bangladesh Ltd', N'Md. Mohiuddin Azam', N'Flat: B-5,Plot:06, Gulshan Avenue, Block:SW, Dhaka', NULL, NULL, NULL, NULL, 0)
INSERT [dbo].[Ledger] ([Id], [CreatedBy], [ModifiedBy], [CreatedDate], [ModifiedDate], [Status], [BussinessId], [Name], [LedgerGroupId], [Description], [PropertyId], [Code], [ContactPerson], [Address1], [Address2], [Mobile1], [Mobile2], [Email], [Visible]) VALUES (14, 0, 0, CAST(N'2017-05-18 00:00:00.000' AS DateTime), CAST(N'2017-05-18 00:00:00.000' AS DateTime), 1, 0, N'Xiaomi Corporation', 1, NULL, 13, N'Xiaomi Corporation', NULL, NULL, NULL, NULL, NULL, NULL, 0)
INSERT [dbo].[Ledger] ([Id], [CreatedBy], [ModifiedBy], [CreatedDate], [ModifiedDate], [Status], [BussinessId], [Name], [LedgerGroupId], [Description], [PropertyId], [Code], [ContactPerson], [Address1], [Address2], [Mobile1], [Mobile2], [Email], [Visible]) VALUES (15, 0, 0, CAST(N'2017-05-18 00:00:00.000' AS DateTime), CAST(N'2017-05-18 00:00:00.000' AS DateTime), 1, 0, N'Cash', 9, NULL, 0, NULL, NULL, NULL, NULL, NULL, NULL, NULL, NULL)
INSERT [dbo].[Ledger] ([Id], [CreatedBy], [ModifiedBy], [CreatedDate], [ModifiedDate], [Status], [BussinessId], [Name], [LedgerGroupId], [Description], [PropertyId], [Code], [ContactPerson], [Address1], [Address2], [Mobile1], [Mobile2], [Email], [Visible]) VALUES (16, 0, 0, CAST(N'2017-05-18 00:00:00.000' AS DateTime), CAST(N'2017-05-18 00:00:00.000' AS DateTime), 1, 0, N'Eastern Bank Ltd', 10, NULL, 0, NULL, NULL, NULL, NULL, NULL, NULL, NULL, NULL)
INSERT [dbo].[Ledger] ([Id], [CreatedBy], [ModifiedBy], [CreatedDate], [ModifiedDate], [Status], [BussinessId], [Name], [LedgerGroupId], [Description], [PropertyId], [Code], [ContactPerson], [Address1], [Address2], [Mobile1], [Mobile2], [Email], [Visible]) VALUES (17, 0, 0, CAST(N'2017-05-18 00:00:00.000' AS DateTime), CAST(N'2017-05-18 00:00:00.000' AS DateTime), 1, 0, N'City Bank Ltd', 10, NULL, 0, NULL, NULL, NULL, NULL, NULL, NULL, NULL, NULL)
INSERT [dbo].[Ledger] ([Id], [CreatedBy], [ModifiedBy], [CreatedDate], [ModifiedDate], [Status], [BussinessId], [Name], [LedgerGroupId], [Description], [PropertyId], [Code], [ContactPerson], [Address1], [Address2], [Mobile1], [Mobile2], [Email], [Visible]) VALUES (18, 0, 0, CAST(N'2017-05-24 00:00:00.000' AS DateTime), CAST(N'2017-06-22 00:00:00.000' AS DateTime), 1, 0, N'Office Rent', 11, NULL, 0, NULL, NULL, NULL, NULL, NULL, NULL, NULL, NULL)
INSERT [dbo].[Ledger] ([Id], [CreatedBy], [ModifiedBy], [CreatedDate], [ModifiedDate], [Status], [BussinessId], [Name], [LedgerGroupId], [Description], [PropertyId], [Code], [ContactPerson], [Address1], [Address2], [Mobile1], [Mobile2], [Email], [Visible]) VALUES (19, 0, 0, CAST(N'2017-05-24 00:00:00.000' AS DateTime), CAST(N'2017-06-22 00:00:00.000' AS DateTime), 0, 0, N'Current Bill', 11, NULL, 0, NULL, NULL, NULL, NULL, NULL, NULL, NULL, NULL)
INSERT [dbo].[Ledger] ([Id], [CreatedBy], [ModifiedBy], [CreatedDate], [ModifiedDate], [Status], [BussinessId], [Name], [LedgerGroupId], [Description], [PropertyId], [Code], [ContactPerson], [Address1], [Address2], [Mobile1], [Mobile2], [Email], [Visible]) VALUES (10018, 0, 0, CAST(N'2017-06-03 00:00:00.000' AS DateTime), CAST(N'2017-06-03 00:00:00.000' AS DateTime), 1, 0, N'Startech & Engneering', 2, NULL, 14, N'Startech & Engneering', N'Mr. Jahed', N'39, Kazi Bhaban, New Elephant Road, Dhaka', NULL, N'01709995226', NULL, NULL, 0)
INSERT [dbo].[Ledger] ([Id], [CreatedBy], [ModifiedBy], [CreatedDate], [ModifiedDate], [Status], [BussinessId], [Name], [LedgerGroupId], [Description], [PropertyId], [Code], [ContactPerson], [Address1], [Address2], [Mobile1], [Mobile2], [Email], [Visible]) VALUES (10019, 0, 0, CAST(N'2017-06-03 00:00:00.000' AS DateTime), CAST(N'2017-06-03 00:00:00.000' AS DateTime), 1, 0, N'Solar Electro Bangladesh Ltd.', 2, NULL, 14, N'Solar Electro Bangladesh Ltd.', N'Mr. Alamgir Chowdhury', NULL, NULL, NULL, NULL, NULL, 0)
INSERT [dbo].[Ledger] ([Id], [CreatedBy], [ModifiedBy], [CreatedDate], [ModifiedDate], [Status], [BussinessId], [Name], [LedgerGroupId], [Description], [PropertyId], [Code], [ContactPerson], [Address1], [Address2], [Mobile1], [Mobile2], [Email], [Visible]) VALUES (10020, 0, 0, CAST(N'2017-06-03 00:00:00.000' AS DateTime), CAST(N'2017-06-03 00:00:00.000' AS DateTime), 1, 0, N'Swis Mart ', 2, NULL, 14, N'Swis Mart ', N'Mr. Arif Niaji', N'Gulshan 1', NULL, NULL, NULL, NULL, 0)
INSERT [dbo].[Ledger] ([Id], [CreatedBy], [ModifiedBy], [CreatedDate], [ModifiedDate], [Status], [BussinessId], [Name], [LedgerGroupId], [Description], [PropertyId], [Code], [ContactPerson], [Address1], [Address2], [Mobile1], [Mobile2], [Email], [Visible]) VALUES (10021, 0, 0, CAST(N'2017-06-03 00:00:00.000' AS DateTime), CAST(N'2017-06-03 00:00:00.000' AS DateTime), 1, 0, N'eStore Tokyo Squire', 2, NULL, 14, N'eStore Tokyo Squire', N'Mr. Rakib', N'639 Tokyo Square Shopping  Centre, Japan Garden City,Ring Road, Mohammadpur, Dhaka 1207.', NULL, N'01742477377', NULL, NULL, 0)
INSERT [dbo].[Ledger] ([Id], [CreatedBy], [ModifiedBy], [CreatedDate], [ModifiedDate], [Status], [BussinessId], [Name], [LedgerGroupId], [Description], [PropertyId], [Code], [ContactPerson], [Address1], [Address2], [Mobile1], [Mobile2], [Email], [Visible]) VALUES (10022, 0, 0, CAST(N'2017-06-03 00:00:00.000' AS DateTime), CAST(N'2017-06-03 00:00:00.000' AS DateTime), 1, 0, N'SEBL', 1, NULL, 13, N'SEBL', N'Mr. Atik', NULL, NULL, NULL, NULL, NULL, 0)
INSERT [dbo].[Ledger] ([Id], [CreatedBy], [ModifiedBy], [CreatedDate], [ModifiedDate], [Status], [BussinessId], [Name], [LedgerGroupId], [Description], [PropertyId], [Code], [ContactPerson], [Address1], [Address2], [Mobile1], [Mobile2], [Email], [Visible]) VALUES (10024, 0, 0, CAST(N'2017-06-03 00:00:00.000' AS DateTime), CAST(N'2017-06-03 00:00:00.000' AS DateTime), 1, 0, N'Misc Expense', 11, NULL, 0, NULL, NULL, NULL, NULL, NULL, NULL, NULL, NULL)
INSERT [dbo].[Ledger] ([Id], [CreatedBy], [ModifiedBy], [CreatedDate], [ModifiedDate], [Status], [BussinessId], [Name], [LedgerGroupId], [Description], [PropertyId], [Code], [ContactPerson], [Address1], [Address2], [Mobile1], [Mobile2], [Email], [Visible]) VALUES (20023, 0, 0, CAST(N'2017-06-11 00:00:00.000' AS DateTime), CAST(N'2017-06-11 00:00:00.000' AS DateTime), 1, 0, N'Local Supplier', 1, NULL, 13, N'Local Supplier', NULL, NULL, NULL, NULL, NULL, NULL, 0)
INSERT [dbo].[Ledger] ([Id], [CreatedBy], [ModifiedBy], [CreatedDate], [ModifiedDate], [Status], [BussinessId], [Name], [LedgerGroupId], [Description], [PropertyId], [Code], [ContactPerson], [Address1], [Address2], [Mobile1], [Mobile2], [Email], [Visible]) VALUES (20024, 0, 0, CAST(N'2017-06-12 00:00:00.000' AS DateTime), CAST(N'2017-06-12 00:00:00.000' AS DateTime), 1, 0, N'Mr. Polash', 2, NULL, 14, N'Mr. Polash', NULL, NULL, NULL, NULL, NULL, NULL, 0)
INSERT [dbo].[Ledger] ([Id], [CreatedBy], [ModifiedBy], [CreatedDate], [ModifiedDate], [Status], [BussinessId], [Name], [LedgerGroupId], [Description], [PropertyId], [Code], [ContactPerson], [Address1], [Address2], [Mobile1], [Mobile2], [Email], [Visible]) VALUES (20025, 0, 0, CAST(N'2017-06-13 00:00:00.000' AS DateTime), CAST(N'2017-06-13 00:00:00.000' AS DateTime), 1, 0, N'Rafat Bin Islam', 2, NULL, 14, N'Rafat Bin Islam', NULL, N'258/c, Elephant Road, Dhaka. Cntact No: 01675938028', NULL, NULL, NULL, NULL, 0)
INSERT [dbo].[Ledger] ([Id], [CreatedBy], [ModifiedBy], [CreatedDate], [ModifiedDate], [Status], [BussinessId], [Name], [LedgerGroupId], [Description], [PropertyId], [Code], [ContactPerson], [Address1], [Address2], [Mobile1], [Mobile2], [Email], [Visible]) VALUES (20026, 0, 0, CAST(N'2017-06-13 00:00:00.000' AS DateTime), CAST(N'2017-06-13 00:00:00.000' AS DateTime), 1, 0, N'Islamic Relief, Bangladesh', 2, NULL, 14, N'Islamic Relief, Bangladesh', N'Md. Shahidul Islam', N'h:10,R:10,B:K, Dhaka', NULL, N'01777773725', NULL, N'shahidul.islam@islamicrelief-bd.org', 0)
INSERT [dbo].[Ledger] ([Id], [CreatedBy], [ModifiedBy], [CreatedDate], [ModifiedDate], [Status], [BussinessId], [Name], [LedgerGroupId], [Description], [PropertyId], [Code], [ContactPerson], [Address1], [Address2], [Mobile1], [Mobile2], [Email], [Visible]) VALUES (20027, 0, 0, CAST(N'2017-06-15 00:00:00.000' AS DateTime), CAST(N'2017-06-15 00:00:00.000' AS DateTime), 1, 0, N'Mr . Polash', 2, NULL, 14, N'Mr . Polash', NULL, N'Dhaka', NULL, NULL, NULL, NULL, 0)
INSERT [dbo].[Ledger] ([Id], [CreatedBy], [ModifiedBy], [CreatedDate], [ModifiedDate], [Status], [BussinessId], [Name], [LedgerGroupId], [Description], [PropertyId], [Code], [ContactPerson], [Address1], [Address2], [Mobile1], [Mobile2], [Email], [Visible]) VALUES (20028, 0, 0, CAST(N'2017-06-15 00:00:00.000' AS DateTime), CAST(N'2017-06-15 00:00:00.000' AS DateTime), 1, 0, N'Mr. Shourov', 2, NULL, 14, N'Mr. Shourov', NULL, N'Kafrul, Dhaka', NULL, NULL, NULL, NULL, 0)
INSERT [dbo].[Ledger] ([Id], [CreatedBy], [ModifiedBy], [CreatedDate], [ModifiedDate], [Status], [BussinessId], [Name], [LedgerGroupId], [Description], [PropertyId], [Code], [ContactPerson], [Address1], [Address2], [Mobile1], [Mobile2], [Email], [Visible]) VALUES (20029, 0, 0, CAST(N'2017-06-15 00:00:00.000' AS DateTime), CAST(N'2017-06-15 00:00:00.000' AS DateTime), 1, 0, N'Mahedi Hasan', 2, NULL, 14, N'Mahedi Hasan', NULL, N'Dhaka, Contact No: 01843927574', NULL, NULL, NULL, NULL, 0)
INSERT [dbo].[Ledger] ([Id], [CreatedBy], [ModifiedBy], [CreatedDate], [ModifiedDate], [Status], [BussinessId], [Name], [LedgerGroupId], [Description], [PropertyId], [Code], [ContactPerson], [Address1], [Address2], [Mobile1], [Mobile2], [Email], [Visible]) VALUES (20030, 0, 0, CAST(N'2017-06-15 00:00:00.000' AS DateTime), CAST(N'2017-06-15 00:00:00.000' AS DateTime), 1, 0, N'eStore Gulshan', 2, NULL, 14, N'eStore Gulshan', N'Mr. Arif Niazi', N'Swis mart, Gulshan-1', NULL, NULL, NULL, NULL, 0)
INSERT [dbo].[Ledger] ([Id], [CreatedBy], [ModifiedBy], [CreatedDate], [ModifiedDate], [Status], [BussinessId], [Name], [LedgerGroupId], [Description], [PropertyId], [Code], [ContactPerson], [Address1], [Address2], [Mobile1], [Mobile2], [Email], [Visible]) VALUES (30027, 0, 0, CAST(N'2017-06-17 00:00:00.000' AS DateTime), CAST(N'2017-06-17 00:00:00.000' AS DateTime), 1, 0, N'Md. Nasiruddin', 2, NULL, 14, N'Md. Nasiruddin', NULL, N'Dhaka', NULL, NULL, NULL, NULL, 0)
INSERT [dbo].[Ledger] ([Id], [CreatedBy], [ModifiedBy], [CreatedDate], [ModifiedDate], [Status], [BussinessId], [Name], [LedgerGroupId], [Description], [PropertyId], [Code], [ContactPerson], [Address1], [Address2], [Mobile1], [Mobile2], [Email], [Visible]) VALUES (30028, 0, 0, CAST(N'2017-06-20 00:00:00.000' AS DateTime), CAST(N'2017-06-20 00:00:00.000' AS DateTime), 1, 0, N'Mr. Enamul', 2, NULL, 14, N'Mr. Enamul', NULL, NULL, NULL, NULL, NULL, NULL, 0)
INSERT [dbo].[Ledger] ([Id], [CreatedBy], [ModifiedBy], [CreatedDate], [ModifiedDate], [Status], [BussinessId], [Name], [LedgerGroupId], [Description], [PropertyId], [Code], [ContactPerson], [Address1], [Address2], [Mobile1], [Mobile2], [Email], [Visible]) VALUES (40028, 0, 0, CAST(N'2017-06-22 00:00:00.000' AS DateTime), CAST(N'2017-06-22 00:00:00.000' AS DateTime), 1, 0, N'Employee Salary', 10011, NULL, 0, NULL, NULL, NULL, NULL, NULL, NULL, NULL, NULL)
INSERT [dbo].[Ledger] ([Id], [CreatedBy], [ModifiedBy], [CreatedDate], [ModifiedDate], [Status], [BussinessId], [Name], [LedgerGroupId], [Description], [PropertyId], [Code], [ContactPerson], [Address1], [Address2], [Mobile1], [Mobile2], [Email], [Visible]) VALUES (40029, 0, 0, CAST(N'2017-06-22 00:00:00.000' AS DateTime), CAST(N'2017-06-22 00:00:00.000' AS DateTime), 1, 0, N'Utilities Expense', 11, NULL, 0, NULL, NULL, NULL, NULL, NULL, NULL, NULL, NULL)
INSERT [dbo].[Ledger] ([Id], [CreatedBy], [ModifiedBy], [CreatedDate], [ModifiedDate], [Status], [BussinessId], [Name], [LedgerGroupId], [Description], [PropertyId], [Code], [ContactPerson], [Address1], [Address2], [Mobile1], [Mobile2], [Email], [Visible]) VALUES (40030, 0, 0, CAST(N'2017-06-22 00:00:00.000' AS DateTime), CAST(N'2017-06-22 00:00:00.000' AS DateTime), 1, 0, N'Office Supplies', 11, NULL, 0, NULL, NULL, NULL, NULL, NULL, NULL, NULL, NULL)
INSERT [dbo].[Ledger] ([Id], [CreatedBy], [ModifiedBy], [CreatedDate], [ModifiedDate], [Status], [BussinessId], [Name], [LedgerGroupId], [Description], [PropertyId], [Code], [ContactPerson], [Address1], [Address2], [Mobile1], [Mobile2], [Email], [Visible]) VALUES (40031, 0, 0, CAST(N'2017-06-22 00:00:00.000' AS DateTime), CAST(N'2017-06-22 00:00:00.000' AS DateTime), 1, 0, N'Comission Expense', 10013, NULL, 0, NULL, NULL, NULL, NULL, NULL, NULL, NULL, NULL)
INSERT [dbo].[Ledger] ([Id], [CreatedBy], [ModifiedBy], [CreatedDate], [ModifiedDate], [Status], [BussinessId], [Name], [LedgerGroupId], [Description], [PropertyId], [Code], [ContactPerson], [Address1], [Address2], [Mobile1], [Mobile2], [Email], [Visible]) VALUES (40032, 0, 0, CAST(N'2017-06-22 00:00:00.000' AS DateTime), CAST(N'2017-06-22 00:00:00.000' AS DateTime), 1, 0, N'Advertising Expense', 10014, NULL, 0, NULL, NULL, NULL, NULL, NULL, NULL, NULL, NULL)
INSERT [dbo].[Ledger] ([Id], [CreatedBy], [ModifiedBy], [CreatedDate], [ModifiedDate], [Status], [BussinessId], [Name], [LedgerGroupId], [Description], [PropertyId], [Code], [ContactPerson], [Address1], [Address2], [Mobile1], [Mobile2], [Email], [Visible]) VALUES (40033, 0, 0, CAST(N'2017-06-22 00:00:00.000' AS DateTime), CAST(N'2017-06-22 00:00:00.000' AS DateTime), 1, 0, N'Store Rent', 10015, NULL, 0, NULL, NULL, NULL, NULL, NULL, NULL, NULL, NULL)
INSERT [dbo].[Ledger] ([Id], [CreatedBy], [ModifiedBy], [CreatedDate], [ModifiedDate], [Status], [BussinessId], [Name], [LedgerGroupId], [Description], [PropertyId], [Code], [ContactPerson], [Address1], [Address2], [Mobile1], [Mobile2], [Email], [Visible]) VALUES (40034, 0, 0, CAST(N'2017-06-22 00:00:00.000' AS DateTime), CAST(N'2017-06-22 00:00:00.000' AS DateTime), 1, 0, N'Store Utilities Expense', 10015, NULL, 0, NULL, NULL, NULL, NULL, NULL, NULL, NULL, NULL)
INSERT [dbo].[Ledger] ([Id], [CreatedBy], [ModifiedBy], [CreatedDate], [ModifiedDate], [Status], [BussinessId], [Name], [LedgerGroupId], [Description], [PropertyId], [Code], [ContactPerson], [Address1], [Address2], [Mobile1], [Mobile2], [Email], [Visible]) VALUES (40035, 0, 0, CAST(N'2017-07-05 00:00:00.000' AS DateTime), CAST(N'2017-07-05 00:00:00.000' AS DateTime), 1, 0, N'Motion View', 2, NULL, 14, N'Motion View', N'Mr. Mostafiz', N'Block:D, Shop:56, Basundhara City, Dhaka', NULL, N'01710612900', NULL, NULL, 0)
INSERT [dbo].[Ledger] ([Id], [CreatedBy], [ModifiedBy], [CreatedDate], [ModifiedDate], [Status], [BussinessId], [Name], [LedgerGroupId], [Description], [PropertyId], [Code], [ContactPerson], [Address1], [Address2], [Mobile1], [Mobile2], [Email], [Visible]) VALUES (40036, 0, 0, CAST(N'2017-07-10 00:00:00.000' AS DateTime), CAST(N'2017-07-10 00:00:00.000' AS DateTime), 1, 0, N'Mr. Rakib', 2, NULL, 14, N'Mr. Rakib', NULL, N'Dhaka', NULL, NULL, NULL, NULL, 0)
INSERT [dbo].[Ledger] ([Id], [CreatedBy], [ModifiedBy], [CreatedDate], [ModifiedDate], [Status], [BussinessId], [Name], [LedgerGroupId], [Description], [PropertyId], [Code], [ContactPerson], [Address1], [Address2], [Mobile1], [Mobile2], [Email], [Visible]) VALUES (40037, 0, 0, CAST(N'2017-07-11 00:00:00.000' AS DateTime), CAST(N'2017-07-11 00:00:00.000' AS DateTime), 1, 0, N'Srinath Senevirathne', 2, NULL, 14, N'Srinath Senevirathne', NULL, N'Mobility iTapPaybangladesh Ltd, 28, 4th floor, Landview Commercial Building, Gulshan- 2, Dhaka.', NULL, NULL, NULL, NULL, 0)
INSERT [dbo].[Ledger] ([Id], [CreatedBy], [ModifiedBy], [CreatedDate], [ModifiedDate], [Status], [BussinessId], [Name], [LedgerGroupId], [Description], [PropertyId], [Code], [ContactPerson], [Address1], [Address2], [Mobile1], [Mobile2], [Email], [Visible]) VALUES (40038, 0, 0, CAST(N'2017-07-13 00:00:00.000' AS DateTime), CAST(N'2017-07-13 00:00:00.000' AS DateTime), 1, 0, N'Md. Rashedun Nabi', 2, NULL, 14, N'Md. Rashedun Nabi', NULL, N'Asadullah House Apt D-1. Road: 5/1, Block: E, Lalmatia, Dhaka-1209, Contact: 01612797727', NULL, NULL, NULL, NULL, 0)
INSERT [dbo].[Ledger] ([Id], [CreatedBy], [ModifiedBy], [CreatedDate], [ModifiedDate], [Status], [BussinessId], [Name], [LedgerGroupId], [Description], [PropertyId], [Code], [ContactPerson], [Address1], [Address2], [Mobile1], [Mobile2], [Email], [Visible]) VALUES (50038, 0, 0, CAST(N'2017-10-03 00:00:00.000' AS DateTime), CAST(N'2017-10-03 00:00:00.000' AS DateTime), 1, 0, N'Mr. ABC', 2, NULL, 14, N'Mr. ABC', NULL, N'Dhaka', NULL, NULL, NULL, NULL, 0)
INSERT [dbo].[Ledger] ([Id], [CreatedBy], [ModifiedBy], [CreatedDate], [ModifiedDate], [Status], [BussinessId], [Name], [LedgerGroupId], [Description], [PropertyId], [Code], [ContactPerson], [Address1], [Address2], [Mobile1], [Mobile2], [Email], [Visible]) VALUES (50039, 0, 0, CAST(N'2017-10-04 00:00:00.000' AS DateTime), CAST(N'2017-10-04 00:00:00.000' AS DateTime), 1, 0, N'Mr. Sadat', 2, NULL, 14, N'Mr. Sadat', NULL, N'One Bank Ltd. Kawran Bazer, Dhaka. Contact No. 01958445566', NULL, NULL, NULL, NULL, 0)
SET IDENTITY_INSERT [dbo].[Ledger] OFF
SET IDENTITY_INSERT [dbo].[LedgerGroup] ON 

INSERT [dbo].[LedgerGroup] ([Id], [CreatedBy], [ModifiedBy], [CreatedDate], [ModifiedDate], [Status], [BussinessId], [Name], [Description], [PropertyId], [GroupHeaderId], [IsParent]) VALUES (1, 3, 3, CAST(N'2017-02-22 00:43:38.843' AS DateTime), CAST(N'2017-02-22 00:43:38.843' AS DateTime), 1, 0, N'Creditors', NULL, NULL, 3, 0)
INSERT [dbo].[LedgerGroup] ([Id], [CreatedBy], [ModifiedBy], [CreatedDate], [ModifiedDate], [Status], [BussinessId], [Name], [Description], [PropertyId], [GroupHeaderId], [IsParent]) VALUES (2, 3, 3, CAST(N'2017-02-22 00:43:56.537' AS DateTime), CAST(N'2017-02-22 00:43:56.537' AS DateTime), 1, 0, N'Debtors', NULL, NULL, 2, 0)
INSERT [dbo].[LedgerGroup] ([Id], [CreatedBy], [ModifiedBy], [CreatedDate], [ModifiedDate], [Status], [BussinessId], [Name], [Description], [PropertyId], [GroupHeaderId], [IsParent]) VALUES (3, 3, 3, CAST(N'2017-02-22 00:44:33.793' AS DateTime), CAST(N'2017-02-22 00:44:33.793' AS DateTime), 1, 0, N'Sales', NULL, NULL, 5, 0)
INSERT [dbo].[LedgerGroup] ([Id], [CreatedBy], [ModifiedBy], [CreatedDate], [ModifiedDate], [Status], [BussinessId], [Name], [Description], [PropertyId], [GroupHeaderId], [IsParent]) VALUES (4, 3, 3, CAST(N'2017-02-22 00:44:50.727' AS DateTime), CAST(N'2017-02-22 00:44:50.727' AS DateTime), 1, 0, N'Purchase', NULL, NULL, 6, 0)
INSERT [dbo].[LedgerGroup] ([Id], [CreatedBy], [ModifiedBy], [CreatedDate], [ModifiedDate], [Status], [BussinessId], [Name], [Description], [PropertyId], [GroupHeaderId], [IsParent]) VALUES (5, 3, 3, CAST(N'2017-02-22 00:45:14.387' AS DateTime), CAST(N'2017-02-22 00:45:14.387' AS DateTime), 1, 0, N'Current Stock', NULL, NULL, 2, 0)
INSERT [dbo].[LedgerGroup] ([Id], [CreatedBy], [ModifiedBy], [CreatedDate], [ModifiedDate], [Status], [BussinessId], [Name], [Description], [PropertyId], [GroupHeaderId], [IsParent]) VALUES (6, 3, 3, CAST(N'2017-02-22 00:45:49.553' AS DateTime), CAST(N'2017-02-22 00:45:49.553' AS DateTime), 1, 0, N'Profit and Loss A/C', NULL, NULL, 4, 0)
INSERT [dbo].[LedgerGroup] ([Id], [CreatedBy], [ModifiedBy], [CreatedDate], [ModifiedDate], [Status], [BussinessId], [Name], [Description], [PropertyId], [GroupHeaderId], [IsParent]) VALUES (7, 3, 3, CAST(N'2017-02-22 01:11:34.557' AS DateTime), CAST(N'2017-02-22 01:11:34.557' AS DateTime), 1, 0, N'Others Revenue', NULL, NULL, 5, 0)
INSERT [dbo].[LedgerGroup] ([Id], [CreatedBy], [ModifiedBy], [CreatedDate], [ModifiedDate], [Status], [BussinessId], [Name], [Description], [PropertyId], [GroupHeaderId], [IsParent]) VALUES (8, 3, 3, CAST(N'2017-02-22 01:11:51.787' AS DateTime), CAST(N'2017-02-22 01:11:51.787' AS DateTime), 1, 0, N'Others Expense', NULL, NULL, 6, 0)
INSERT [dbo].[LedgerGroup] ([Id], [CreatedBy], [ModifiedBy], [CreatedDate], [ModifiedDate], [Status], [BussinessId], [Name], [Description], [PropertyId], [GroupHeaderId], [IsParent]) VALUES (9, 0, 0, CAST(N'2017-05-18 00:00:00.000' AS DateTime), CAST(N'2017-05-18 00:00:00.000' AS DateTime), 1, 0, N'Cash in Hand', NULL, NULL, 2, 0)
INSERT [dbo].[LedgerGroup] ([Id], [CreatedBy], [ModifiedBy], [CreatedDate], [ModifiedDate], [Status], [BussinessId], [Name], [Description], [PropertyId], [GroupHeaderId], [IsParent]) VALUES (10, 0, 0, CAST(N'2017-05-18 00:00:00.000' AS DateTime), CAST(N'2017-05-18 00:00:00.000' AS DateTime), 1, 0, N'Cash  in Bank', NULL, NULL, 2, 0)
INSERT [dbo].[LedgerGroup] ([Id], [CreatedBy], [ModifiedBy], [CreatedDate], [ModifiedDate], [Status], [BussinessId], [Name], [Description], [PropertyId], [GroupHeaderId], [IsParent]) VALUES (11, 0, 0, CAST(N'2017-05-24 00:00:00.000' AS DateTime), CAST(N'2017-05-24 00:00:00.000' AS DateTime), 1, 0, N'Office Expense', NULL, NULL, 6, 0)
INSERT [dbo].[LedgerGroup] ([Id], [CreatedBy], [ModifiedBy], [CreatedDate], [ModifiedDate], [Status], [BussinessId], [Name], [Description], [PropertyId], [GroupHeaderId], [IsParent]) VALUES (10011, 0, 0, CAST(N'2017-06-22 00:00:00.000' AS DateTime), CAST(N'2017-06-22 00:00:00.000' AS DateTime), 1, 0, N'Salary Expense', NULL, NULL, 6, 0)
INSERT [dbo].[LedgerGroup] ([Id], [CreatedBy], [ModifiedBy], [CreatedDate], [ModifiedDate], [Status], [BussinessId], [Name], [Description], [PropertyId], [GroupHeaderId], [IsParent]) VALUES (10012, 0, 0, CAST(N'2017-06-22 00:00:00.000' AS DateTime), CAST(N'2017-06-22 00:00:00.000' AS DateTime), 1, 0, N'Ineerest Expense', NULL, NULL, 3, 0)
INSERT [dbo].[LedgerGroup] ([Id], [CreatedBy], [ModifiedBy], [CreatedDate], [ModifiedDate], [Status], [BussinessId], [Name], [Description], [PropertyId], [GroupHeaderId], [IsParent]) VALUES (10013, 0, 0, CAST(N'2017-06-22 00:00:00.000' AS DateTime), CAST(N'2017-06-22 00:00:00.000' AS DateTime), 1, 0, N'Bank Commission', NULL, NULL, 6, 0)
INSERT [dbo].[LedgerGroup] ([Id], [CreatedBy], [ModifiedBy], [CreatedDate], [ModifiedDate], [Status], [BussinessId], [Name], [Description], [PropertyId], [GroupHeaderId], [IsParent]) VALUES (10014, 0, 0, CAST(N'2017-06-22 00:00:00.000' AS DateTime), CAST(N'2017-06-22 00:00:00.000' AS DateTime), 1, 0, N'Cost of Goods Sold', NULL, NULL, 6, 0)
INSERT [dbo].[LedgerGroup] ([Id], [CreatedBy], [ModifiedBy], [CreatedDate], [ModifiedDate], [Status], [BussinessId], [Name], [Description], [PropertyId], [GroupHeaderId], [IsParent]) VALUES (10015, 0, 0, CAST(N'2017-06-22 00:00:00.000' AS DateTime), CAST(N'2017-06-22 00:00:00.000' AS DateTime), 1, 0, N'eStore Expense', NULL, NULL, 6, 0)
SET IDENTITY_INSERT [dbo].[LedgerGroup] OFF
SET IDENTITY_INSERT [dbo].[Payment] ON 

INSERT [dbo].[Payment] ([Id], [CreatedBy], [ModifiedBy], [PartyId], [CreatedDate], [ModifiedDate], [Status], [BussinessId], [Date], [Amount], [PaymentType], [Remarks], [DebitId], [CreditId], [BankName], [AccountNo], [ReferenceNo], [CheckNo], [CheckDate], [PaymentStatus], [ConversionRate], [Currency]) VALUES (1, 0, 0, 50038, CAST(N'2017-10-03 00:00:00.000' AS DateTime), CAST(N'2017-10-03 00:00:00.000' AS DateTime), 1, N'0', CAST(N'2017-10-03 00:00:00.000' AS DateTime), CAST(1650.00 AS Decimal(18, 2)), 28, NULL, 15, 50038, NULL, NULL, NULL, NULL, CAST(N'2017-10-03' AS Date), 26, CAST(1.00 AS Decimal(18, 2)), 1)
INSERT [dbo].[Payment] ([Id], [CreatedBy], [ModifiedBy], [PartyId], [CreatedDate], [ModifiedDate], [Status], [BussinessId], [Date], [Amount], [PaymentType], [Remarks], [DebitId], [CreditId], [BankName], [AccountNo], [ReferenceNo], [CheckNo], [CheckDate], [PaymentStatus], [ConversionRate], [Currency]) VALUES (2, 0, 0, 20023, CAST(N'2017-10-04 00:00:00.000' AS DateTime), CAST(N'2017-10-04 00:00:00.000' AS DateTime), 1, N'0', CAST(N'2017-10-04 00:00:00.000' AS DateTime), CAST(500.00 AS Decimal(18, 2)), 29, NULL, 20023, 15, NULL, NULL, NULL, NULL, CAST(N'2017-10-04' AS Date), 26, CAST(1.00 AS Decimal(18, 2)), 1)
SET IDENTITY_INSERT [dbo].[Payment] OFF
SET IDENTITY_INSERT [dbo].[Permission] ON 

INSERT [dbo].[Permission] ([Id], [Title], [PermissionCode], [ControllerName], [ActionName], [Status], [ApplicationId]) VALUES (1, N'AllAccountController', N'0000001   ', N'Account', N'UserList^SaveUser^DeleteUser^ChangePassword^Login^Logout^PasswordGenerator', 1, 1)
INSERT [dbo].[Permission] ([Id], [Title], [PermissionCode], [ControllerName], [ActionName], [Status], [ApplicationId]) VALUES (2, N'AllAccountingController', N'0000002   ', N'Accounting', N'LedgerGroupList^SaveLedgerGroup^DeleteLedgerGroup^LedgerList^SaveLedger^DeleteLedger', 1, 1)
INSERT [dbo].[Permission] ([Id], [Title], [PermissionCode], [ControllerName], [ActionName], [Status], [ApplicationId]) VALUES (3, N'AllAccountingReport', N'0000003   ', N'AccountingReport', N'AccountsLedger', 1, 1)
INSERT [dbo].[Permission] ([Id], [Title], [PermissionCode], [ControllerName], [ActionName], [Status], [ApplicationId]) VALUES (4, N'AllCategoryController', N'0000004   ', N'Category', N'List^Register^Delete', 1, 1)
INSERT [dbo].[Permission] ([Id], [Title], [PermissionCode], [ControllerName], [ActionName], [Status], [ApplicationId]) VALUES (5, N'AllHomeController', N'0000005   ', N'Home', N'Index^AuthFailed', 1, 1)
INSERT [dbo].[Permission] ([Id], [Title], [PermissionCode], [ControllerName], [ActionName], [Status], [ApplicationId]) VALUES (6, N'AllInventoryController', N'0000006   ', N'Inventory', N'ProductSettingsList^SaveProductSettings^DeleteProductSettings^StockEntryList^SaveStockEntry^OnChangLoadProduct^LoadCurrentStockAmount^LoadQuantityForEdit^LoadSalesRepresentitive^LoadInvoiceNo^LoadAmountByQuantity', 1, 1)
INSERT [dbo].[Permission] ([Id], [Title], [PermissionCode], [ControllerName], [ActionName], [Status], [ApplicationId]) VALUES (7, N'AllPaymentController', N'0000007   ', N'Payment', N'DealerPaymentModule^SupplierPaymentModule^SavePayment^DeletePayment', 1, 1)
INSERT [dbo].[Permission] ([Id], [Title], [PermissionCode], [ControllerName], [ActionName], [Status], [ApplicationId]) VALUES (8, N'AllPurchaseController', N'0000008   ', N'Purchase', N'PurchaseEntryList^SavePurchaseEntry^OnChangLoadProduct^LoadProduct^DeleteInvoiceInfo^GetProductListByCategory^GetNewInvoiceInfoDetail^GetNewInvoiceInfoDetailByExcel', 1, 1)
INSERT [dbo].[Permission] ([Id], [Title], [PermissionCode], [ControllerName], [ActionName], [Status], [ApplicationId]) VALUES (9, N'AllReportController', N'0000009   ', N'Report', N'Index^SalesReport^PurchaseReport^OpeningStock^ClosingStock^AccountsLedger^PartyLedger^IncomeStatement^BalanceSheet^TrialBalanceReport^InvoiceReport', 1, 1)
INSERT [dbo].[Permission] ([Id], [Title], [PermissionCode], [ControllerName], [ActionName], [Status], [ApplicationId]) VALUES (10, N'AllSalaryController', N'0000010   ', N'Salary', N'SalaryList^SaveSalary^DeleteSalary^SaveAdvancedSalary^LoadAllowanceByEmployee^CalCulateEmployeePercentage', 1, 1)
INSERT [dbo].[Permission] ([Id], [Title], [PermissionCode], [ControllerName], [ActionName], [Status], [ApplicationId]) VALUES (11, N'AllSalesController', N'0000011   ', N'Sales', N'SalesInvoiceList^AddSalesInvoice^AddReturnInvoice^SaveSalesEntry^LoadProductByCategory^LoadProduct^EditInvoiceInfo^PrintBill^LoadPayemntByParty^DeleteInvoiceInfo^GetProductListByCategory^GetNewInvoiceInfoDetail^GetNewInvoiceInfoDetail^GetNewInvoiceInfoDetailByExcel', 1, 1)
INSERT [dbo].[Permission] ([Id], [Title], [PermissionCode], [ControllerName], [ActionName], [Status], [ApplicationId]) VALUES (12, N'AllSettingController', N'0000012   ', N'Settings', N'EmployeeList^SaveEmployee^DeleteEmployee^SupplierPartyList^DealerPartyList^SaveParty^DeleteParty^AreaList^SaveArea^DeleteArea^BankList^SaveBank^DeleteBank', 1, 1)
INSERT [dbo].[Permission] ([Id], [Title], [PermissionCode], [ControllerName], [ActionName], [Status], [ApplicationId]) VALUES (13, N'AllStockController', N'0000013   ', N'Stock', N'Index^CurrentStockList^GEtProductStock', 1, 1)
INSERT [dbo].[Permission] ([Id], [Title], [PermissionCode], [ControllerName], [ActionName], [Status], [ApplicationId]) VALUES (14, N'AllTemplateController', N'0000014   ', N'Template', N'List^Register^Modify^GetPermissionList', 1, 1)
INSERT [dbo].[Permission] ([Id], [Title], [PermissionCode], [ControllerName], [ActionName], [Status], [ApplicationId]) VALUES (15, N'AllTransactionController', N'0000015   ', N'Transaction', N'TransactionList^TransactionForm^SaveTransactionForm^DeleteTransaction', 1, 1)
INSERT [dbo].[Permission] ([Id], [Title], [PermissionCode], [ControllerName], [ActionName], [Status], [ApplicationId]) VALUES (16, N'AllUserController', N'0000016   ', N'UserCommon', N'List^Register', 1, 1)
INSERT [dbo].[Permission] ([Id], [Title], [PermissionCode], [ControllerName], [ActionName], [Status], [ApplicationId]) VALUES (17, N'AllJsonController', N'0000016   ', N'JsonList', N'Index^LoadProductByCategory^LoadProductStock^LoadProductStockSell', 1, 1)
INSERT [dbo].[Permission] ([Id], [Title], [PermissionCode], [ControllerName], [ActionName], [Status], [ApplicationId]) VALUES (18, N'InventoryWithoutProduct', NULL, N'Inventory', N'StockEntryList^SaveStockEntry^OnChangLoadProduct^LoadCurrentStockAmount^LoadQuantityForEdit^LoadSalesRepresentitive^LoadInvoiceNo^LoadAmountByQuantity', 1, 1)
INSERT [dbo].[Permission] ([Id], [Title], [PermissionCode], [ControllerName], [ActionName], [Status], [ApplicationId]) VALUES (19, N'AllJobExpenseController', N'0000019   ', N'JobExpense', N'JobExpenseList^SaveExpense^SaveExpense^DeleteExpense^OnChangeLoadDetail', 1, 1)
INSERT [dbo].[Permission] ([Id], [Title], [PermissionCode], [ControllerName], [ActionName], [Status], [ApplicationId]) VALUES (20, N'AllowedReport', N'0000020   ', N'Report', N'SalesReport^PurchaseReport^OpeningStock^ClosingStock^PartyLedgerJobReport^JobCostingReport^InvoiceReport', 1, NULL)
INSERT [dbo].[Permission] ([Id], [Title], [PermissionCode], [ControllerName], [ActionName], [Status], [ApplicationId]) VALUES (21, N'AllTransactionController', N'0000015   ', N'OpeningTransaction', N'TransactionList^TransactionForm^SaveTransactionForm^DeleteTransaction', 1, 1)
SET IDENTITY_INSERT [dbo].[Permission] OFF
SET IDENTITY_INSERT [dbo].[Product] ON 

INSERT [dbo].[Product] ([Id], [CreatedBy], [ModifiedBy], [CreatedDate], [ModifiedDate], [Status], [BussinessId], [CategoryId], [ProductName], [BuyingPrice], [Commission], [SellingPrice], [ProductCode]) VALUES (1, 0, 0, CAST(N'2017-05-18 00:00:00.000' AS DateTime), CAST(N'2017-10-04 00:00:00.000' AS DateTime), 0, 0, 1, N'Mi Notebook Air 12.5', CAST(42200.00 AS Decimal(18, 2)), NULL, CAST(49500.00 AS Decimal(18, 2)), N'Mi Notebook Air 12.5')
INSERT [dbo].[Product] ([Id], [CreatedBy], [ModifiedBy], [CreatedDate], [ModifiedDate], [Status], [BussinessId], [CategoryId], [ProductName], [BuyingPrice], [Commission], [SellingPrice], [ProductCode]) VALUES (2, 0, 0, CAST(N'2017-05-18 00:00:00.000' AS DateTime), CAST(N'2017-10-04 00:00:00.000' AS DateTime), 0, 0, 1, N'Mi Notebook Air 13.3', CAST(62490.00 AS Decimal(18, 2)), NULL, CAST(68080.00 AS Decimal(18, 2)), N'Mi Notebook Air 13.3')
INSERT [dbo].[Product] ([Id], [CreatedBy], [ModifiedBy], [CreatedDate], [ModifiedDate], [Status], [BussinessId], [CategoryId], [ProductName], [BuyingPrice], [Commission], [SellingPrice], [ProductCode]) VALUES (3, 0, 0, CAST(N'2017-05-22 00:00:00.000' AS DateTime), CAST(N'2017-07-05 00:00:00.000' AS DateTime), 1, 0, 2, N'Mi Band 2', CAST(1570.00 AS Decimal(18, 2)), NULL, CAST(1650.00 AS Decimal(18, 2)), N'Mi Band 2')
INSERT [dbo].[Product] ([Id], [CreatedBy], [ModifiedBy], [CreatedDate], [ModifiedDate], [Status], [BussinessId], [CategoryId], [ProductName], [BuyingPrice], [Commission], [SellingPrice], [ProductCode]) VALUES (4, 0, 0, CAST(N'2017-05-24 00:00:00.000' AS DateTime), CAST(N'2017-06-03 00:00:00.000' AS DateTime), 1, 0, 3, N'Mi Air Purifier', CAST(11466.00 AS Decimal(18, 2)), NULL, CAST(12610.00 AS Decimal(18, 2)), N'Mi Air Purifier')
INSERT [dbo].[Product] ([Id], [CreatedBy], [ModifiedBy], [CreatedDate], [ModifiedDate], [Status], [BussinessId], [CategoryId], [ProductName], [BuyingPrice], [Commission], [SellingPrice], [ProductCode]) VALUES (5, 0, 0, CAST(N'2017-05-24 00:00:00.000' AS DateTime), CAST(N'2017-06-08 00:00:00.000' AS DateTime), 1, 0, 4, N'Mi Mouse Gold', CAST(1300.00 AS Decimal(18, 2)), NULL, CAST(1430.00 AS Decimal(18, 2)), N'Mi Mouse Gold')
INSERT [dbo].[Product] ([Id], [CreatedBy], [ModifiedBy], [CreatedDate], [ModifiedDate], [Status], [BussinessId], [CategoryId], [ProductName], [BuyingPrice], [Commission], [SellingPrice], [ProductCode]) VALUES (6, 0, 0, CAST(N'2017-05-24 00:00:00.000' AS DateTime), CAST(N'2017-05-24 00:00:00.000' AS DateTime), 1, 0, 4, N'Mi Mouse Silver', CAST(1300.00 AS Decimal(18, 2)), NULL, CAST(1430.00 AS Decimal(18, 2)), N'Mi Mouse Silver')
INSERT [dbo].[Product] ([Id], [CreatedBy], [ModifiedBy], [CreatedDate], [ModifiedDate], [Status], [BussinessId], [CategoryId], [ProductName], [BuyingPrice], [Commission], [SellingPrice], [ProductCode]) VALUES (7, 0, 0, CAST(N'2017-05-28 00:00:00.000' AS DateTime), CAST(N'2017-06-21 00:00:00.000' AS DateTime), 1, 0, 5, N'Mi Basic Earphone Silver', CAST(330.00 AS Decimal(18, 2)), NULL, CAST(340.00 AS Decimal(18, 2)), N'Mi Basic Earphone Silver')
INSERT [dbo].[Product] ([Id], [CreatedBy], [ModifiedBy], [CreatedDate], [ModifiedDate], [Status], [BussinessId], [CategoryId], [ProductName], [BuyingPrice], [Commission], [SellingPrice], [ProductCode]) VALUES (8, 0, 0, CAST(N'2017-05-28 00:00:00.000' AS DateTime), CAST(N'2017-06-20 00:00:00.000' AS DateTime), 1, 0, 5, N'Mi Basic Purple', CAST(330.00 AS Decimal(18, 2)), NULL, CAST(370.00 AS Decimal(18, 2)), N'Mi Basic Purple')
INSERT [dbo].[Product] ([Id], [CreatedBy], [ModifiedBy], [CreatedDate], [ModifiedDate], [Status], [BussinessId], [CategoryId], [ProductName], [BuyingPrice], [Commission], [SellingPrice], [ProductCode]) VALUES (9, 0, 0, CAST(N'2017-05-28 00:00:00.000' AS DateTime), CAST(N'2017-05-28 00:00:00.000' AS DateTime), 1, 0, 5, N'Mi Basic Earphone Pink', CAST(330.00 AS Decimal(18, 2)), NULL, CAST(370.00 AS Decimal(18, 2)), N'Mi Basic Earphone Pink')
INSERT [dbo].[Product] ([Id], [CreatedBy], [ModifiedBy], [CreatedDate], [ModifiedDate], [Status], [BussinessId], [CategoryId], [ProductName], [BuyingPrice], [Commission], [SellingPrice], [ProductCode]) VALUES (10, 0, 0, CAST(N'2017-05-28 00:00:00.000' AS DateTime), CAST(N'2017-05-28 00:00:00.000' AS DateTime), 1, 0, 5, N'Mi Basic Earphone Blue', CAST(330.00 AS Decimal(18, 2)), NULL, CAST(370.00 AS Decimal(18, 2)), N'Mi Basic Earphone Blue')
INSERT [dbo].[Product] ([Id], [CreatedBy], [ModifiedBy], [CreatedDate], [ModifiedDate], [Status], [BussinessId], [CategoryId], [ProductName], [BuyingPrice], [Commission], [SellingPrice], [ProductCode]) VALUES (11, 0, 0, CAST(N'2017-06-03 00:00:00.000' AS DateTime), CAST(N'2017-06-08 00:00:00.000' AS DateTime), 1, 0, 6, N'Mi Electric Kettle', CAST(2600.00 AS Decimal(18, 2)), NULL, CAST(2860.00 AS Decimal(18, 2)), N'Mi Electric Kettle')
INSERT [dbo].[Product] ([Id], [CreatedBy], [ModifiedBy], [CreatedDate], [ModifiedDate], [Status], [BussinessId], [CategoryId], [ProductName], [BuyingPrice], [Commission], [SellingPrice], [ProductCode]) VALUES (12, 0, 0, CAST(N'2017-06-03 00:00:00.000' AS DateTime), CAST(N'2017-06-12 00:00:00.000' AS DateTime), 1, 0, 7, N'Redmi 4A, 2/32, Gold', CAST(10640.00 AS Decimal(18, 2)), NULL, CAST(12990.00 AS Decimal(18, 2)), N'Redmi 4A, 2/32, Gold')
INSERT [dbo].[Product] ([Id], [CreatedBy], [ModifiedBy], [CreatedDate], [ModifiedDate], [Status], [BussinessId], [CategoryId], [ProductName], [BuyingPrice], [Commission], [SellingPrice], [ProductCode]) VALUES (13, 0, 0, CAST(N'2017-06-03 00:00:00.000' AS DateTime), CAST(N'2017-06-03 00:00:00.000' AS DateTime), 1, 0, 7, N'Redmi 4X Gold', CAST(11680.00 AS Decimal(18, 2)), NULL, CAST(12990.00 AS Decimal(18, 2)), N'Redmi 4X Gold')
INSERT [dbo].[Product] ([Id], [CreatedBy], [ModifiedBy], [CreatedDate], [ModifiedDate], [Status], [BussinessId], [CategoryId], [ProductName], [BuyingPrice], [Commission], [SellingPrice], [ProductCode]) VALUES (14, 0, 0, CAST(N'2017-06-03 00:00:00.000' AS DateTime), CAST(N'2017-06-03 00:00:00.000' AS DateTime), 1, 0, 8, N'Mi Tv Box 3', CAST(9990.00 AS Decimal(18, 2)), NULL, CAST(11488.50 AS Decimal(18, 2)), N'Mi Tv Box 3')
INSERT [dbo].[Product] ([Id], [CreatedBy], [ModifiedBy], [CreatedDate], [ModifiedDate], [Status], [BussinessId], [CategoryId], [ProductName], [BuyingPrice], [Commission], [SellingPrice], [ProductCode]) VALUES (15, 0, 0, CAST(N'2017-06-03 00:00:00.000' AS DateTime), CAST(N'2017-06-03 00:00:00.000' AS DateTime), 1, 0, 8, N'Mi Tv Box 3s', CAST(6990.00 AS Decimal(18, 2)), NULL, CAST(8038.50 AS Decimal(18, 2)), N'Mi Tv Box 3s')
INSERT [dbo].[Product] ([Id], [CreatedBy], [ModifiedBy], [CreatedDate], [ModifiedDate], [Status], [BussinessId], [CategoryId], [ProductName], [BuyingPrice], [Commission], [SellingPrice], [ProductCode]) VALUES (16, 0, 0, CAST(N'2017-06-03 00:00:00.000' AS DateTime), CAST(N'2017-06-12 00:00:00.000' AS DateTime), 1, 0, 7, N'Redmi 4X 2/16, Black', CAST(11680.00 AS Decimal(18, 2)), NULL, CAST(12990.00 AS Decimal(18, 2)), N'Redmi 4X 2/16, Black')
INSERT [dbo].[Product] ([Id], [CreatedBy], [ModifiedBy], [CreatedDate], [ModifiedDate], [Status], [BussinessId], [CategoryId], [ProductName], [BuyingPrice], [Commission], [SellingPrice], [ProductCode]) VALUES (17, 0, 0, CAST(N'2017-06-03 00:00:00.000' AS DateTime), CAST(N'2017-06-03 00:00:00.000' AS DateTime), 1, 0, 9, N'Mi router 3', CAST(2690.00 AS Decimal(18, 2)), NULL, CAST(2990.00 AS Decimal(18, 2)), N'Mi router 3')
INSERT [dbo].[Product] ([Id], [CreatedBy], [ModifiedBy], [CreatedDate], [ModifiedDate], [Status], [BussinessId], [CategoryId], [ProductName], [BuyingPrice], [Commission], [SellingPrice], [ProductCode]) VALUES (18, 0, 0, CAST(N'2017-06-03 00:00:00.000' AS DateTime), CAST(N'2017-06-03 00:00:00.000' AS DateTime), 1, 0, 9, N'Mi Router 3C', CAST(2190.00 AS Decimal(18, 2)), NULL, CAST(2490.00 AS Decimal(18, 2)), N'Mi Router 3C')
INSERT [dbo].[Product] ([Id], [CreatedBy], [ModifiedBy], [CreatedDate], [ModifiedDate], [Status], [BussinessId], [CategoryId], [ProductName], [BuyingPrice], [Commission], [SellingPrice], [ProductCode]) VALUES (19, 0, 0, CAST(N'2017-06-11 00:00:00.000' AS DateTime), CAST(N'2017-10-04 00:00:00.000' AS DateTime), 1, 0, 10, N'Windows 10 Pro', CAST(3300.00 AS Decimal(18, 2)), NULL, CAST(3990.00 AS Decimal(18, 2)), N'Windows 10 Pro')
INSERT [dbo].[Product] ([Id], [CreatedBy], [ModifiedBy], [CreatedDate], [ModifiedDate], [Status], [BussinessId], [CategoryId], [ProductName], [BuyingPrice], [Commission], [SellingPrice], [ProductCode]) VALUES (20, 0, 0, CAST(N'2017-06-12 00:00:00.000' AS DateTime), CAST(N'2017-06-12 00:00:00.000' AS DateTime), 1, 0, 7, N'Redmi 4A, 2/16, Gold', CAST(9290.00 AS Decimal(18, 2)), NULL, CAST(10490.00 AS Decimal(18, 2)), N'Redmi 4A, 2/16, Gold')
INSERT [dbo].[Product] ([Id], [CreatedBy], [ModifiedBy], [CreatedDate], [ModifiedDate], [Status], [BussinessId], [CategoryId], [ProductName], [BuyingPrice], [Commission], [SellingPrice], [ProductCode]) VALUES (21, 0, 0, CAST(N'2017-06-13 00:00:00.000' AS DateTime), CAST(N'2017-06-13 00:00:00.000' AS DateTime), 1, 0, 7, N'Redmi Note 4 3/32 Black', CAST(16456.00 AS Decimal(18, 2)), NULL, CAST(17011.00 AS Decimal(18, 2)), N'Redmi Note 4 3/32 Black')
INSERT [dbo].[Product] ([Id], [CreatedBy], [ModifiedBy], [CreatedDate], [ModifiedDate], [Status], [BussinessId], [CategoryId], [ProductName], [BuyingPrice], [Commission], [SellingPrice], [ProductCode]) VALUES (22, 0, 0, CAST(N'2017-06-13 00:00:00.000' AS DateTime), CAST(N'2017-06-13 00:00:00.000' AS DateTime), 1, 0, 7, N'Redmi Note 4 3/32 Dark Gray', CAST(16456.00 AS Decimal(18, 2)), NULL, CAST(17011.00 AS Decimal(18, 2)), N'Redmi Note 4 3/32 Dark Gray')
INSERT [dbo].[Product] ([Id], [CreatedBy], [ModifiedBy], [CreatedDate], [ModifiedDate], [Status], [BussinessId], [CategoryId], [ProductName], [BuyingPrice], [Commission], [SellingPrice], [ProductCode]) VALUES (23, 0, 0, CAST(N'2017-06-13 00:00:00.000' AS DateTime), CAST(N'2017-06-13 00:00:00.000' AS DateTime), 1, 0, 7, N'Redmi Note 4 ,4/64 Black', CAST(19571.00 AS Decimal(18, 2)), NULL, CAST(20231.00 AS Decimal(18, 2)), N'Redmi Note 4 ,4/64 Black')
INSERT [dbo].[Product] ([Id], [CreatedBy], [ModifiedBy], [CreatedDate], [ModifiedDate], [Status], [BussinessId], [CategoryId], [ProductName], [BuyingPrice], [Commission], [SellingPrice], [ProductCode]) VALUES (24, 0, 0, CAST(N'2017-06-13 00:00:00.000' AS DateTime), CAST(N'2017-06-13 00:00:00.000' AS DateTime), 1, 0, 7, N'Redmi 4X 3/32 Black', CAST(13786.00 AS Decimal(18, 2)), NULL, CAST(14251.00 AS Decimal(18, 2)), N'Redmi 4X 3/32 Black')
INSERT [dbo].[Product] ([Id], [CreatedBy], [ModifiedBy], [CreatedDate], [ModifiedDate], [Status], [BussinessId], [CategoryId], [ProductName], [BuyingPrice], [Commission], [SellingPrice], [ProductCode]) VALUES (25, 0, 0, CAST(N'2017-06-13 00:00:00.000' AS DateTime), CAST(N'2017-06-13 00:00:00.000' AS DateTime), 1, 0, 7, N'Redmi 4X 3/32, Gold', CAST(13786.00 AS Decimal(18, 2)), NULL, CAST(14251.00 AS Decimal(18, 2)), N'Redmi 4X 3/32, Gold')
INSERT [dbo].[Product] ([Id], [CreatedBy], [ModifiedBy], [CreatedDate], [ModifiedDate], [Status], [BussinessId], [CategoryId], [ProductName], [BuyingPrice], [Commission], [SellingPrice], [ProductCode]) VALUES (26, 0, 0, CAST(N'2017-10-04 00:00:00.000' AS DateTime), CAST(N'2017-10-04 00:00:00.000' AS DateTime), 0, 0, 1, N'Mi Notebook Air 13.3 , 8/256 GB Silver', CAST(67097.00 AS Decimal(18, 2)), NULL, CAST(71750.00 AS Decimal(18, 2)), N'Mi Notebook Air 13.3 , 8/256 GB Silver')
INSERT [dbo].[Product] ([Id], [CreatedBy], [ModifiedBy], [CreatedDate], [ModifiedDate], [Status], [BussinessId], [CategoryId], [ProductName], [BuyingPrice], [Commission], [SellingPrice], [ProductCode]) VALUES (27, 0, 0, CAST(N'2017-10-04 00:00:00.000' AS DateTime), CAST(N'2017-10-04 00:00:00.000' AS DateTime), 1, 0, 1, N'Mi Notebook Air 12 4/128GB Updated Version Gold', CAST(42130.00 AS Decimal(18, 2)), NULL, CAST(48750.00 AS Decimal(18, 2)), N'Mi Notebook Air 12 4/128GB Updated Version Gold')
INSERT [dbo].[Product] ([Id], [CreatedBy], [ModifiedBy], [CreatedDate], [ModifiedDate], [Status], [BussinessId], [CategoryId], [ProductName], [BuyingPrice], [Commission], [SellingPrice], [ProductCode]) VALUES (28, 0, 0, CAST(N'2017-10-04 00:00:00.000' AS DateTime), CAST(N'2017-10-04 00:00:00.000' AS DateTime), 1, 0, 1, N'Mi Notebook Air 13 8/256GB Updated Version Silver', CAST(67097.00 AS Decimal(18, 2)), NULL, CAST(71750.00 AS Decimal(18, 2)), N'Mi Notebook Air 13 8/256GB Updated Version Silver')
INSERT [dbo].[Product] ([Id], [CreatedBy], [ModifiedBy], [CreatedDate], [ModifiedDate], [Status], [BussinessId], [CategoryId], [ProductName], [BuyingPrice], [Commission], [SellingPrice], [ProductCode]) VALUES (29, 0, 0, CAST(N'2017-10-04 00:00:00.000' AS DateTime), CAST(N'2017-10-04 00:00:00.000' AS DateTime), 1, 0, 1, N'Mi Notebook Air 12 4/128GB Updated Version, Silver', CAST(42130.00 AS Decimal(18, 2)), NULL, CAST(71750.00 AS Decimal(18, 2)), N'Mi Notebook Air 12 4/128GB Updated Version, Silver')
SET IDENTITY_INSERT [dbo].[Product] OFF
SET IDENTITY_INSERT [dbo].[TableProperty] ON 

INSERT [dbo].[TableProperty] ([Id], [TableName], [PropertyName], [PropertyValue], [ViewName]) VALUES (1, N' Ledger ', N'TrialVisible', 1, N' InVisible on Ledger ')
INSERT [dbo].[TableProperty] ([Id], [TableName], [PropertyName], [PropertyValue], [ViewName]) VALUES (2, N' InvoiceInfo ', N'SalesInvoiceType', 1, N' Sales ')
INSERT [dbo].[TableProperty] ([Id], [TableName], [PropertyName], [PropertyValue], [ViewName]) VALUES (3, N' InvoiceInfo ', N'SalesInvoiceType', 2, N' SalesReplace ')
INSERT [dbo].[TableProperty] ([Id], [TableName], [PropertyName], [PropertyValue], [ViewName]) VALUES (4, N' InvoiceInfo ', N'SalesInvoiceType', 3, N' Sales Return ')
INSERT [dbo].[TableProperty] ([Id], [TableName], [PropertyName], [PropertyValue], [ViewName]) VALUES (5, N' InvoiceInfo ', N'PurchaseInvoiceType', 1, N' Purchase ')
INSERT [dbo].[TableProperty] ([Id], [TableName], [PropertyName], [PropertyValue], [ViewName]) VALUES (6, N' InvoiceInfo ', N'PurchaseInvoiceType', 2, N' Purchase Return ')
INSERT [dbo].[TableProperty] ([Id], [TableName], [PropertyName], [PropertyValue], [ViewName]) VALUES (7, N' InvoiceInfo ', N'PurchaseInvoiceType', 3, N'Damage')
INSERT [dbo].[TableProperty] ([Id], [TableName], [PropertyName], [PropertyValue], [ViewName]) VALUES (8, N' InvoiceInfo ', N'PurchaseInvoiceType', 4, N' Bonus ')
INSERT [dbo].[TableProperty] ([Id], [TableName], [PropertyName], [PropertyValue], [ViewName]) VALUES (9, N' Salary ', N'SalaryType', 1, N' Current Salary ')
INSERT [dbo].[TableProperty] ([Id], [TableName], [PropertyName], [PropertyValue], [ViewName]) VALUES (10, N' Salary ', N'SalaryType', 2, N' Advance Salary ')
INSERT [dbo].[TableProperty] ([Id], [TableName], [PropertyName], [PropertyValue], [ViewName]) VALUES (11, N' Product ', N'ProductType', 1, N' Finished Product ')
INSERT [dbo].[TableProperty] ([Id], [TableName], [PropertyName], [PropertyValue], [ViewName]) VALUES (12, N' Product ', N'ProductType', 2, N' Raw Rpoduct ')
INSERT [dbo].[TableProperty] ([Id], [TableName], [PropertyName], [PropertyValue], [ViewName]) VALUES (13, N' Ledger ', N'PartyType', 1, N' Supplier Party ')
INSERT [dbo].[TableProperty] ([Id], [TableName], [PropertyName], [PropertyValue], [ViewName]) VALUES (14, N' Ledger ', N'PartyType', 2, N' Client Party ')
INSERT [dbo].[TableProperty] ([Id], [TableName], [PropertyName], [PropertyValue], [ViewName]) VALUES (15, N' Ledger ', N'PartyType', 3, N' Local Supplier ')
INSERT [dbo].[TableProperty] ([Id], [TableName], [PropertyName], [PropertyValue], [ViewName]) VALUES (16, N' Ledger ', N'PartyType', 4, N' Local Client ')
INSERT [dbo].[TableProperty] ([Id], [TableName], [PropertyName], [PropertyValue], [ViewName]) VALUES (17, N' GroupHeader ', N'HeaderType', 1, N' Debit/To ')
INSERT [dbo].[TableProperty] ([Id], [TableName], [PropertyName], [PropertyValue], [ViewName]) VALUES (18, N' GroupHeader ', N'HeaderType', 2, N' Credit/From ')
INSERT [dbo].[TableProperty] ([Id], [TableName], [PropertyName], [PropertyValue], [ViewName]) VALUES (19, N' LedgerGroup ', N'GroupType', 1, N' Cash Transaction ')
INSERT [dbo].[TableProperty] ([Id], [TableName], [PropertyName], [PropertyValue], [ViewName]) VALUES (20, N' LedgerGroup ', N'GroupType', 2, N' Purchase Ldegers ')
INSERT [dbo].[TableProperty] ([Id], [TableName], [PropertyName], [PropertyValue], [ViewName]) VALUES (21, N' LedgerGroup ', N'GroupType', 3, N' Sales Ledger ')
INSERT [dbo].[TableProperty] ([Id], [TableName], [PropertyName], [PropertyValue], [ViewName]) VALUES (22, N' LedgerGroup ', N'GroupType', 4, N' SalaryLedger ')
INSERT [dbo].[TableProperty] ([Id], [TableName], [PropertyName], [PropertyValue], [ViewName]) VALUES (23, N' LedgerGroup ', N'GroupType', 5, N' Inventory ')
INSERT [dbo].[TableProperty] ([Id], [TableName], [PropertyName], [PropertyValue], [ViewName]) VALUES (24, N' LedgerGroup ', N'GroupType', 6, N' Profit/ Loss ')
INSERT [dbo].[TableProperty] ([Id], [TableName], [PropertyName], [PropertyValue], [ViewName]) VALUES (25, N' LedgerGroup ', N'GroupType', 7, N' Capital ')
INSERT [dbo].[TableProperty] ([Id], [TableName], [PropertyName], [PropertyValue], [ViewName]) VALUES (26, N'Payment ', N'PaymentStatus', 1, N'Paid')
INSERT [dbo].[TableProperty] ([Id], [TableName], [PropertyName], [PropertyValue], [ViewName]) VALUES (27, N'Payment ', N'PaymentStatus', 2, N'Pending')
INSERT [dbo].[TableProperty] ([Id], [TableName], [PropertyName], [PropertyValue], [ViewName]) VALUES (28, N'Payment', N'TransactionType', 1, N'Payment')
INSERT [dbo].[TableProperty] ([Id], [TableName], [PropertyName], [PropertyValue], [ViewName]) VALUES (29, N'Payment', N'TransactionType', 2, N'Receive')
INSERT [dbo].[TableProperty] ([Id], [TableName], [PropertyName], [PropertyValue], [ViewName]) VALUES (30, N' GroupHeader ', N'AccountsType', 1, N' Asset ')
INSERT [dbo].[TableProperty] ([Id], [TableName], [PropertyName], [PropertyValue], [ViewName]) VALUES (31, N' GroupHeader ', N'AccountsType', 2, N' Liability ')
INSERT [dbo].[TableProperty] ([Id], [TableName], [PropertyName], [PropertyValue], [ViewName]) VALUES (32, N' GroupHeader ', N'AccountsType', 3, N' Equity ')
INSERT [dbo].[TableProperty] ([Id], [TableName], [PropertyName], [PropertyValue], [ViewName]) VALUES (33, N' GroupHeader ', N'AccountsType', 4, N' Revenue ')
INSERT [dbo].[TableProperty] ([Id], [TableName], [PropertyName], [PropertyValue], [ViewName]) VALUES (34, N' GroupHeader ', N'AccountsType', 5, N' Expense ')
INSERT [dbo].[TableProperty] ([Id], [TableName], [PropertyName], [PropertyValue], [ViewName]) VALUES (35, N' GroupHeader ', N'AccountsType', 6, N' Drwaings ')
INSERT [dbo].[TableProperty] ([Id], [TableName], [PropertyName], [PropertyValue], [ViewName]) VALUES (36, N'InvoiceDetails', N'SalesType', 1, N'Gift')
INSERT [dbo].[TableProperty] ([Id], [TableName], [PropertyName], [PropertyValue], [ViewName]) VALUES (37, N'InvoiceDetails', N'StockType', 1, N'Stock In')
INSERT [dbo].[TableProperty] ([Id], [TableName], [PropertyName], [PropertyValue], [ViewName]) VALUES (38, N'InvoiceDetails', N'StockType', 2, N'Stock Out')
SET IDENTITY_INSERT [dbo].[TableProperty] OFF
SET IDENTITY_INSERT [dbo].[Template] ON 

INSERT [dbo].[Template] ([Id], [TemplateName], [PermissionIds], [Status], [CreatedBy], [CreatedDate], [ModifiedBy], [ModifiedDate], [ApplicationId]) VALUES (1, N'Admiin', N'1^2^3^4^5^6^7^8^9^10^11^12^13^15^17^21', 1, 0, CAST(N'2016-08-25' AS Date), 0, CAST(N'2016-09-04' AS Date), 1)
INSERT [dbo].[Template] ([Id], [TemplateName], [PermissionIds], [Status], [CreatedBy], [CreatedDate], [ModifiedBy], [ModifiedDate], [ApplicationId]) VALUES (2, N'testAdmin', N'1^2^3^4', 1, 0, CAST(N'2016-09-02' AS Date), NULL, NULL, 1)
INSERT [dbo].[Template] ([Id], [TemplateName], [PermissionIds], [Status], [CreatedBy], [CreatedDate], [ModifiedBy], [ModifiedDate], [ApplicationId]) VALUES (3, N'Operator', N'1^2^3^4^5^7^9^10^11^12^15^17^18', 1, 1, CAST(N'2016-09-02' AS Date), 1, CAST(N'2016-09-02' AS Date), 1)
SET IDENTITY_INSERT [dbo].[Template] OFF
SET IDENTITY_INSERT [dbo].[User] ON 

INSERT [dbo].[User] ([Id], [UserName], [Password], [IsActive], [Islogin], [LastLogin], [Status], [PhotoUrl], [CreatedBy], [CreatedDate], [ModifiedBy], [ModifiedDate], [TemplateId], [GroupId], [ApplicationId], [UserMessage], [Name], [IsCreator]) VALUES (1, N'ROOT', N'123456', 1, 0, NULL, 1, NULL, 1, CAST(N'2016-03-24' AS Date), NULL, NULL, 0, 0, 0, NULL, N'Admin', NULL)
INSERT [dbo].[User] ([Id], [UserName], [Password], [IsActive], [Islogin], [LastLogin], [Status], [PhotoUrl], [CreatedBy], [CreatedDate], [ModifiedBy], [ModifiedDate], [TemplateId], [GroupId], [ApplicationId], [UserMessage], [Name], [IsCreator]) VALUES (2, N'Badal', N'123', 1, 1, CAST(N'2016-04-07 17:45:45.760' AS DateTime), 1, NULL, 1, CAST(N'2016-03-28' AS Date), NULL, NULL, 1, 1, 1, NULL, N'Badal', 1)
INSERT [dbo].[User] ([Id], [UserName], [Password], [IsActive], [Islogin], [LastLogin], [Status], [PhotoUrl], [CreatedBy], [CreatedDate], [ModifiedBy], [ModifiedDate], [TemplateId], [GroupId], [ApplicationId], [UserMessage], [Name], [IsCreator]) VALUES (3, N'a', N'1', 1, 1, CAST(N'2017-04-26 00:00:00.000' AS DateTime), 1, N'null', 1, CAST(N'2016-08-08' AS Date), 0, CAST(N'2016-09-02' AS Date), 1, 1, 1, NULL, N'Operator', NULL)
INSERT [dbo].[User] ([Id], [UserName], [Password], [IsActive], [Islogin], [LastLogin], [Status], [PhotoUrl], [CreatedBy], [CreatedDate], [ModifiedBy], [ModifiedDate], [TemplateId], [GroupId], [ApplicationId], [UserMessage], [Name], [IsCreator]) VALUES (4, N'Operator', N'op123456', 1, 1, CAST(N'2017-01-16 10:41:09.367' AS DateTime), 1, NULL, 0, CAST(N'2016-09-01' AS Date), NULL, NULL, 3, 1, 1, NULL, NULL, NULL)
SET IDENTITY_INSERT [dbo].[User] OFF
USE [master]
GO
ALTER DATABASE [RedGreen] SET  READ_WRITE 
GO
